STATE,STATE Name,CNTY,CNTY Name,Deleted,Valid Until,Type
01,Hokkaido / 北海道,01001,Akan / 阿寒,false,,Gun
01,Hokkaido / 北海道,01002,Ashoro / 足寄,false,,Gun
01,Hokkaido / 北海道,01003,Atsukeshi / 厚岸,false,,Gun
01,Hokkaido / 北海道,01004,Atsuta / 厚田,true,"Sep.30,2005",Gun
01,Hokkaido / 北海道,01005,Abashiri / 網走,false,,Gun
01,Hokkaido / 北海道,01006,Abuta(Shiribeshi) / 虻田(後志),false,,Gun
01,Hokkaido / 北海道,01007,Abuta(Iburi) / 虻田(胆振),false,,Gun
01,Hokkaido / 北海道,01008,Ishikari / 石狩,false,,Gun
01,Hokkaido / 北海道,01009,Isoya / 磯谷,false,,Gun
01,Hokkaido / 北海道,0101,Sapporo / 札幌,false,,City
01,Hokkaido / 北海道,01010,Iwanai / 岩内,false,,Gun
01,Hokkaido / 北海道,010101,Chuo / 中央,false,,Ku
01,Hokkaido / 北海道,010102,Kita / 北,false,,Ku
01,Hokkaido / 北海道,010103,Higashi / 東,false,,Ku
01,Hokkaido / 北海道,010104,Shiroishi / 白石,false,,Ku
01,Hokkaido / 北海道,010105,Toyohira / 豊平,false,,Ku
01,Hokkaido / 北海道,010106,Minami / 南,false,,Ku
01,Hokkaido / 北海道,010107,Nishi / 西,false,,Ku
01,Hokkaido / 北海道,010108,Atsubetsu / 厚別,false,,Ku
01,Hokkaido / 北海道,010109,Teine / 手稲,false,,Ku
01,Hokkaido / 北海道,01011,Usu / 有珠,false,,Gun
01,Hokkaido / 北海道,010110,Kiyota / 清田,false,,Ku
01,Hokkaido / 北海道,01012,Utasutsu / 歌棄,true,"Jan.14,1955",Gun
01,Hokkaido / 北海道,01013,Urakawa / 浦河,false,,Gun
01,Hokkaido / 北海道,01014,Uryu(Sorachi) / 雨竜(空知）,false,,Gun
01,Hokkaido / 北海道,01015,Esashi / 枝幸,false,,Gun
01,Hokkaido / 北海道,01016,Okushiri / 奥尻,false,,Gun
01,Hokkaido / 北海道,01017,Oshoro / 忍路,true,"Mar.31,1958",Gun
01,Hokkaido / 北海道,01018,Kasai / 河西,false,,Gun
01,Hokkaido / 北海道,01019,Kato / 河東,false,,Gun
01,Hokkaido / 北海道,0102,Asahikawa / 旭川,false,,City
01,Hokkaido / 北海道,01020,Kabato / 樺戸,false,,Gun
01,Hokkaido / 北海道,01021,Kamiiso / 上磯,false,,Gun
01,Hokkaido / 北海道,01022,Kamikawa(Tokachi) / 上川(十勝),false,,Gun
01,Hokkaido / 北海道,01023,Kamikawa(Kamikawa) / 上川(上川),false,,Gun
01,Hokkaido / 北海道,01024,Kameda / 亀田,false,,Gun
01,Hokkaido / 北海道,01025,Kayabe / 茅部,false,,Gun
01,Hokkaido / 北海道,01026,Kawakami / 川上,false,,Gun
01,Hokkaido / 北海道,01027,Kushiro / 釧路,false,,Gun
01,Hokkaido / 北海道,01028,Kudo / 久遠,false,,Gun
01,Hokkaido / 北海道,01029,Sapporo / 札幌,true,"Aug.31,1996",Gun
01,Hokkaido / 北海道,0103,Otaru / 小樽,false,,City
01,Hokkaido / 北海道,01030,Samani / 様似,false,,Gun
01,Hokkaido / 北海道,01031,Saru / 沙流,false,,Gun
01,Hokkaido / 北海道,01032,Shizunai / 静内,true,"Mar.30,2006",Gun
01,Hokkaido / 北海道,01033,Shibetsu / 標津,false,,Gun
01,Hokkaido / 北海道,01034,Shimamaki / 島牧,false,,Gun
01,Hokkaido / 北海道,01035,Shakotan / 積丹,false,,Gun
01,Hokkaido / 北海道,01036,Shari / 斜里,false,,Gun
01,Hokkaido / 北海道,01037,Shiraoi / 白老,false,,Gun
01,Hokkaido / 北海道,01038,Shiranuka / 白糠,false,,Gun
01,Hokkaido / 北海道,01039,Suttsu / 寿都,false,,Gun
01,Hokkaido / 北海道,0104,Hakodate / 函館,false,,City
01,Hokkaido / 北海道,01040,Setana / 瀬棚,false,,Gun
01,Hokkaido / 北海道,01041,Soya / 宗谷,false,,Gun
01,Hokkaido / 北海道,01042,Sorachi(Sorachi) / 空知(空知),false,,Gun
01,Hokkaido / 北海道,01043,Sorachi(Kamikawa) / 空知(上川),false,,Gun
01,Hokkaido / 北海道,01044,Chitose / 千歳,true,"Oct.31,1970",Gun
01,Hokkaido / 北海道,01045,Teshio(Rumoi) / 天塩(留萌),false,,Gun
01,Hokkaido / 北海道,01046,Teshio(Soya) / 天塩(宗谷),false,,Gun
01,Hokkaido / 北海道,01047,Tokachi / 十勝,false,,Gun
01,Hokkaido / 北海道,01048,Tokoro / 常呂,false,,Gun
01,Hokkaido / 北海道,01049,Tomamae / 苫前,false,,Gun
01,Hokkaido / 北海道,0105,Muroran / 室蘭,false,,City
01,Hokkaido / 北海道,01050,Nakagawa(Kamikawa) / 中川(上川),false,,Gun
01,Hokkaido / 北海道,01051,Nakagawa(Tokachi) / 中川(十勝),false,,Gun
01,Hokkaido / 北海道,01052,Niikappu / 新冠,false,,Gun
01,Hokkaido / 北海道,01053,Nishi / 爾志,false,,Gun
01,Hokkaido / 北海道,01054,Nemuro / 根室,true,"Jul.31,1957",Gun
01,Hokkaido / 北海道,01055,Notsuke / 野付,false,,Gun
01,Hokkaido / 北海道,01056,Hanasaki / 花咲,true,"Mar.31,1959",Gun
01,Hokkaido / 北海道,01057,Hamamasu / 浜益,true,"Sep.30,2005",Gun
01,Hokkaido / 北海道,01058,Bikuni / 美国,true,"Sep.29,1956",Gun
01,Hokkaido / 北海道,01059,Hiyama / 檜山,false,,Gun
01,Hokkaido / 北海道,0106,Kushiro / 釧路,false,,City
01,Hokkaido / 北海道,01060,Hiroo / 広尾,false,,Gun
01,Hokkaido / 北海道,01061,Futoro / 太櫓,true,"Mar.31,1955",Gun
01,Hokkaido / 北海道,01062,Furuu / 古宇,false,,Gun
01,Hokkaido / 北海道,01063,Furubira / 古平,false,,Gun
01,Hokkaido / 北海道,01064,Horoizumi / 幌泉,false,,Gun
01,Hokkaido / 北海道,01065,Horobetsu / 幌別,true,"Jul.31,1970",Gun
01,Hokkaido / 北海道,01066,Mashike / 増毛,false,,Gun
01,Hokkaido / 北海道,01067,Matsumae / 松前,false,,Gun
01,Hokkaido / 北海道,01068,Mitsuishi / 三石,true,"Mar.30,2006",Gun
01,Hokkaido / 北海道,01069,Menashi / 目梨,false,,Gun
01,Hokkaido / 北海道,0107,Obihiro / 帯広,false,,City
01,Hokkaido / 北海道,01070,Mombetsu / 紋別,false,,Gun
01,Hokkaido / 北海道,01071,Yamakoshi / 山越,false,,Gun
01,Hokkaido / 北海道,01072,Yubari / 夕張,false,,Gun
01,Hokkaido / 北海道,01073,Yufutsu(Iburi) / 勇払(胆振),false,,Gun
01,Hokkaido / 北海道,01074,Yufutsu(Kamikawa) / 勇払(上川),false,,Gun
01,Hokkaido / 北海道,01075,Yoichi / 余市,false,,Gun
01,Hokkaido / 北海道,01076,Rishiri / 利尻,false,,Gun
01,Hokkaido / 北海道,01077,Rumoi / 留萌,false,,Gun
01,Hokkaido / 北海道,01078,Rebun / 礼文,false,,Gun
01,Hokkaido / 北海道,01079,Futami / 二海,false,,Gun
01,Hokkaido / 北海道,0108,Kitami / 北見,false,,City
01,Hokkaido / 北海道,01080,Hidaka / 日高,false,,Gun
01,Hokkaido / 北海道,01081,Uryu(Kamikawa) / 雨竜(上川）,false,,Gun
01,Hokkaido / 北海道,0109,Yubari / 夕張,false,,City
01,Hokkaido / 北海道,0110,Iwamizawa / 岩見沢,false,,City
01,Hokkaido / 北海道,0111,Abashiri / 網走,false,,City
01,Hokkaido / 北海道,0112,Rumoi / 留萌,false,,City
01,Hokkaido / 北海道,0113,Tomakomai / 苫小牧,false,,City
01,Hokkaido / 北海道,0114,Wakkanai / 稚内,false,,City
01,Hokkaido / 北海道,0115,Bibai / 美唄,false,,City
01,Hokkaido / 北海道,0116,Ashibetsu / 芦別,false,,City
01,Hokkaido / 北海道,0117,Ebetsu / 江別,false,,City
01,Hokkaido / 北海道,0118,Akabira / 赤平,false,,City
01,Hokkaido / 北海道,0119,Mombetsu / 紋別,false,,City
01,Hokkaido / 北海道,0120,Shibetsu / 士別,false,,City
01,Hokkaido / 北海道,0121,Nayoro / 名寄,false,,City
01,Hokkaido / 北海道,0122,Mikasa / 三笠,false,,City
01,Hokkaido / 北海道,0123,Nemuro / 根室,false,,City
01,Hokkaido / 北海道,0124,Chitose / 千歳,false,,City
01,Hokkaido / 北海道,0125,Takikawa / 滝川,false,,City
01,Hokkaido / 北海道,0126,Sunagawa / 砂川,false,,City
01,Hokkaido / 北海道,0127,Utashinai / 歌志内,false,,City
01,Hokkaido / 北海道,0128,Fukagawa / 深川,false,,City
01,Hokkaido / 北海道,0129,Furano / 富良野,false,,City
01,Hokkaido / 北海道,0130,Noboribetsu / 登別,false,,City
01,Hokkaido / 北海道,0131,Eniwa / 恵庭,false,,City
01,Hokkaido / 北海道,0133,Date / 伊達,false,,City
01,Hokkaido / 北海道,0134,Kitahiroshima / 北広島,false,,City
01,Hokkaido / 北海道,0135,Ishikari / 石狩,false,,City
01,Hokkaido / 北海道,0136,Hokuto / 北斗,false,,City
02,Aomori / 青森,02001,Kamikita / 上北,false,,Gun
02,Aomori / 青森,02002,Kitatsugaru / 北津軽,false,,Gun
02,Aomori / 青森,02003,Sannohe / 三戸,false,,Gun
02,Aomori / 青森,02004,Shimokita / 下北,false,,Gun
02,Aomori / 青森,02005,Nakatsugaru / 中津軽,false,,Gun
02,Aomori / 青森,02006,Nishitsugaru / 西津軽,false,,Gun
02,Aomori / 青森,02007,Higashitsugaru / 東津軽,false,,Gun
02,Aomori / 青森,02008,Minamitsugaru / 南津軽,false,,Gun
02,Aomori / 青森,0201,Aomori / 青森,false,,City
02,Aomori / 青森,0202,Hirosaki / 弘前,false,,City
02,Aomori / 青森,0203,Hachinohe / 八戸,false,,City
02,Aomori / 青森,0204,Kuroishi / 黒石,false,,City
02,Aomori / 青森,0205,Goshogawara / 五所川原,false,,City
02,Aomori / 青森,0206,Towada / 十和田,false,,City
02,Aomori / 青森,0207,Misawa / 三沢,false,,City
02,Aomori / 青森,0208,Mutsu / むつ,false,,City
02,Aomori / 青森,0209,Tsugaru / つがる,false,,City
02,Aomori / 青森,0210,Hirakawa / 平川,false,,City
03,Iwate / 岩手,03001,Isawa / 胆沢,false,,Gun
03,Iwate / 岩手,03002,Iwate / 岩手,false,,Gun
03,Iwate / 岩手,03003,Esashi / 江刺,true,"Nov.2,1958",Gun
03,Iwate / 岩手,03004,Kamihei / 上閉伊,false,,Gun
03,Iwate / 岩手,03005,Kunohe / 九戸,false,,Gun
03,Iwate / 岩手,03006,Kesen / 気仙,false,,Gun
03,Iwate / 岩手,03007,Shimohei / 下閉伊,false,,Gun
03,Iwate / 岩手,03008,Shiwa / 紫波,false,,Gun
03,Iwate / 岩手,03009,Nishiiwai / 西磐井,false,,Gun
03,Iwate / 岩手,0301,Morioka / 盛岡,false,,City
03,Iwate / 岩手,03010,Ninohe / 二戸,false,,Gun
03,Iwate / 岩手,03011,Hienuki / 稗貫,true,"Dec.31,2005",Gun
03,Iwate / 岩手,03012,Higashiiwai / 東磐井,true,"Sep.25,2011",Gun
03,Iwate / 岩手,03013,Waga / 和賀,false,,Gun
03,Iwate / 岩手,0302,Kamaishi / 釜石,false,,City
03,Iwate / 岩手,0303,Miyako / 宮古,false,,City
03,Iwate / 岩手,0304,Ichinoseki / 一関,false,,City
03,Iwate / 岩手,0305,Ofunato / 大船渡,false,,City
03,Iwate / 岩手,0306,Mizusawa / 水沢,true,"Feb.19,2006",City
03,Iwate / 岩手,0307,Hanamaki / 花巻,false,,City
03,Iwate / 岩手,0308,Kitakami / 北上,false,,City
03,Iwate / 岩手,0309,Kuji / 久慈,false,,City
03,Iwate / 岩手,0310,Tono / 遠野,false,,City
03,Iwate / 岩手,0311,Rikuzentakata / 陸前高田,false,,City
03,Iwate / 岩手,0312,Esashi / 江刺,true,"Feb.19,2006",City
03,Iwate / 岩手,0313,Ninohe / 二戸,false,,City
03,Iwate / 岩手,0314,Hachimantai / 八幡平,false,,City
03,Iwate / 岩手,0315,Oshu / 奥州,false,,City
03,Iwate / 岩手,0316,Takizawa / 滝沢,false,,City
04,Akita / 秋田,04001,Ogachi / 雄勝,false,,Gun
04,Akita / 秋田,04002,Kazuno / 鹿角,false,,Gun
04,Akita / 秋田,04003,Kawabe / 河辺,true,"Jan.10,2005",Gun
04,Akita / 秋田,04004,Kitaakita / 北秋田,false,,Gun
04,Akita / 秋田,04005,Semboku / 仙北,false,,Gun
04,Akita / 秋田,04006,Hiraka / 平鹿,true,"Sep.30,2005",Gun
04,Akita / 秋田,04007,Minamiakita / 南秋田,false,,Gun
04,Akita / 秋田,04008,Yamamoto / 山本,false,,Gun
04,Akita / 秋田,04009,Yuri / 由利,true,"Sep.30,2005",Gun
04,Akita / 秋田,0401,Akita / 秋田,false,,City
04,Akita / 秋田,0402,Noshiro / 能代,false,,City
04,Akita / 秋田,0403,Odate / 大館,false,,City
04,Akita / 秋田,0404,Yokote / 横手,false,,City
04,Akita / 秋田,0405,Honjo / 本荘,true,"Mar.21,2005",City
04,Akita / 秋田,0406,Oga / 男鹿,false,,City
04,Akita / 秋田,0407,Yuzawa / 湯沢,false,,City
04,Akita / 秋田,0408,Omagari / 大曲,true,"Mar.21,2005",City
04,Akita / 秋田,0409,Kazuno / 鹿角,false,,City
04,Akita / 秋田,0410,Yurihonjo / 由利本荘,false,,City
04,Akita / 秋田,0411,Katagami / 潟上,false,,City
04,Akita / 秋田,0412,Daisen / 大仙,false,,City
04,Akita / 秋田,0413,Kitaakita / 北秋田,false,,City
04,Akita / 秋田,0414,Nikaho / にかほ,false,,City
04,Akita / 秋田,0415,Senboku / 仙北,false,,City
05,Yamagata / 山形,05001,Akumi / 飽海,false,,Gun
05,Yamagata / 山形,05002,Kitamurayama / 北村山,false,,Gun
05,Yamagata / 山形,05003,Nishiokitama / 西置賜,false,,Gun
05,Yamagata / 山形,05004,Nishitagawa / 西田川,true,"Sep.30,2005",Gun
05,Yamagata / 山形,05005,Nishimurayama / 西村山,false,,Gun
05,Yamagata / 山形,05006,Higashiokitama / 東置賜,false,,Gun
05,Yamagata / 山形,05007,Higashitagawa / 東田川,false,,Gun
05,Yamagata / 山形,05008,Higashimurayama / 東村山,false,,Gun
05,Yamagata / 山形,05009,Minamiokitama / 南置賜,true,"Mar.31,1958",Gun
05,Yamagata / 山形,0501,Yamagata / 山形,false,,City
05,Yamagata / 山形,05010,Minamimurayama / 南村山,true,"Mar.20,1957",Gun
05,Yamagata / 山形,05011,Mogami / 最上,false,,Gun
05,Yamagata / 山形,0502,Yonezawa / 米沢,false,,City
05,Yamagata / 山形,0503,Tsuruoka / 鶴岡,false,,City
05,Yamagata / 山形,0504,Sakata / 酒田,false,,City
05,Yamagata / 山形,0505,Shinjo / 新庄,false,,City
05,Yamagata / 山形,0506,Sagae / 寒河江,false,,City
05,Yamagata / 山形,0507,Kaminoyama / 上山,false,,City
05,Yamagata / 山形,0508,Murayama / 村山,false,,City
05,Yamagata / 山形,0509,Nagai / 長井,false,,City
05,Yamagata / 山形,0510,Tendo / 天童,false,,City
05,Yamagata / 山形,0511,Higashine / 東根,false,,City
05,Yamagata / 山形,0512,Obanazawa / 尾花沢,false,,City
05,Yamagata / 山形,0513,Nan'yo / 南陽,false,,City
06,Miyagi / 宮城,06001,Igu / 伊具,false,,Gun
06,Miyagi / 宮城,06002,Oshika / 牡鹿,false,,Gun
06,Miyagi / 宮城,06003,Katta / 刈田,false,,Gun
06,Miyagi / 宮城,06004,Kami / 加美,false,,Gun
06,Miyagi / 宮城,06005,Kurihara / 栗原,true,"Mar.31,2005",Gun
06,Miyagi / 宮城,06006,Kurokawa / 黒川,false,,Gun
06,Miyagi / 宮城,06007,Shida / 志田,true,"Mar.30,2006",Gun
06,Miyagi / 宮城,06008,Shibata / 柴田,false,,Gun
06,Miyagi / 宮城,06009,Tamatsukuri / 玉造,true,"Mar.30,2006",Gun
06,Miyagi / 宮城,0601,Sendai / 仙台,false,,City
06,Miyagi / 宮城,06010,Toda / 遠田,false,,Gun
06,Miyagi / 宮城,060101,Aoba / 青葉,false,,Ku
06,Miyagi / 宮城,060102,Miyagino / 宮城野,false,,Ku
06,Miyagi / 宮城,060103,Wakabayashi / 若林,false,,Ku
06,Miyagi / 宮城,060104,Taihaku / 太白,false,,Ku
06,Miyagi / 宮城,060105,Izumi / 泉,false,,Ku
06,Miyagi / 宮城,06011,Tome / 登米,true,"Mar.31,2005",Gun
06,Miyagi / 宮城,06012,Natori / 名取,true,"Feb.29,1988",Gun
06,Miyagi / 宮城,06013,Miyagi / 宮城,false,,Gun
06,Miyagi / 宮城,06014,Motoyoshi / 本吉,false,,Gun
06,Miyagi / 宮城,06015,Monou / 桃生,true,"Mar.31,2005",Gun
06,Miyagi / 宮城,06016,Watari / 亘理,false,,Gun
06,Miyagi / 宮城,0602,Ishinomaki / 石巻,false,,City
06,Miyagi / 宮城,0603,Shiogama / 塩竈,false,,City
06,Miyagi / 宮城,0604,Furukawa / 古川,true,"Mar.30,2006",City
06,Miyagi / 宮城,0605,Kesennuma / 気仙沼,false,,City
06,Miyagi / 宮城,0606,Shiroishi / 白石,false,,City
06,Miyagi / 宮城,0607,Natori / 名取,false,,City
06,Miyagi / 宮城,0608,Kakuda / 角田,false,,City
06,Miyagi / 宮城,0609,Tagajo / 多賀城,false,,City
06,Miyagi / 宮城,0610,Izumi / 泉,true,"Feb.29,1988",City
06,Miyagi / 宮城,0611,Iwanuma / 岩沼,false,,City
06,Miyagi / 宮城,0612,Tome / 登米,false,,City
06,Miyagi / 宮城,0613,Kurihara / 栗原,false,,City
06,Miyagi / 宮城,0614,Higashimatsushima / 東松島,false,,City
06,Miyagi / 宮城,0615,Osaki / 大崎,false,,City
06,Miyagi / 宮城,0616,Tomiya / 富谷,false,,City
07,Fukushima / 福島,07001,Asaka / 安積,true,"Apr.30,1965",Gun
07,Fukushima / 福島,07002,Adachi / 安達,false,,Gun
07,Fukushima / 福島,07003,Ishikawa / 石川,false,,Gun
07,Fukushima / 福島,07004,Ishiki / 石城,true,"Sep.30,1966",Gun
07,Fukushima / 福島,07005,Iwase / 岩瀬,false,,Gun
07,Fukushima / 福島,07006,Onuma / 大沼,false,,Gun
07,Fukushima / 福島,07007,Kawanuma / 河沼,false,,Gun
07,Fukushima / 福島,07008,Kitaaizu / 北会津,true,"Oct.31,2004",Gun
07,Fukushima / 福島,07009,Shinobu / 信夫,true,"Sep.30,1968",Gun
07,Fukushima / 福島,0701,Fukushima / 福島,false,,City
07,Fukushima / 福島,07010,Soma / 相馬,false,,Gun
07,Fukushima / 福島,07011,Date / 伊達,false,,Gun
07,Fukushima / 福島,07012,Tamura / 田村,false,,Gun
07,Fukushima / 福島,07013,Nishishirakawa / 西白河,false,,Gun
07,Fukushima / 福島,07014,Higashishirakawa / 東白川,false,,Gun
07,Fukushima / 福島,07015,Futaba / 双葉,false,,Gun
07,Fukushima / 福島,07016,Minamiaizu / 南会津,false,,Gun
07,Fukushima / 福島,07017,Yama / 耶麻,false,,Gun
07,Fukushima / 福島,0702,Aizuwakamatsu / 会津若松,false,,City
07,Fukushima / 福島,0703,Koriyama / 郡山,false,,City
07,Fukushima / 福島,0704,Taira / 平,true,"Sep.30,1966",City
07,Fukushima / 福島,0705,Shirakawa / 白河,false,,City
07,Fukushima / 福島,0706,Haramachi / 原町,true,"Dec.31,2005,City
07,Fukushima / 福島,0707,Sukagawa / 須賀川,false,,City
07,Fukushima / 福島,0708,Kitakata / 喜多方,false,,City
07,Fukushima / 福島,0709,Joban / 常磐,true,"Sep.30,1966",City
07,Fukushima / 福島,0710,Iwaki / 磐城,true,"Sep.30,1966",City
07,Fukushima / 福島,0711,Soma / 相馬,false,,City
07,Fukushima / 福島,0712,Uchigo / 内郷,true,"Sep.30,1966",City
07,Fukushima / 福島,0713,Nakoso / 勿来,true,"Sep.30,1966",City
07,Fukushima / 福島,0714,Nihonmatsu / 二本松,false,,City
07,Fukushima / 福島,0715,Iwaki / いわき,false,,City
07,Fukushima / 福島,0716,Wakamatsu / 若松,true,"Dec.31,1954",City
07,Fukushima / 福島,0717,Tamura / 田村,false,,City
07,Fukushima / 福島,0718,Minamisoma / 南相馬,false,,City
07,Fukushima / 福島,0719,Date / 伊達,false,,City
07,Fukushima / 福島,0720,Motomiya / 本宮,false,,City
08,Niigata / 新潟,08001,Iwafune / 岩船,false,,Gun
08,Niigata / 新潟,08002,Kariwa / 刈羽,false,,Gun
08,Niigata / 新潟,08003,Kitauonuma / 北魚沼,true,"Mar.30,2010",Gun
08,Niigata / 新潟,08004,Kitakambara / 北蒲原,false,,Gun
08,Niigata / 新潟,08005,Koshi / 古志,true,"Mar.31,2005",Gun
08,Niigata / 新潟,08006,Sado / 佐渡,true,"Feb.29,2004",Gun
08,Niigata / 新潟,08007,Santo / 三島,false,,Gun
08,Niigata / 新潟,08008,Nakauonuma / 中魚沼,false,,Gun
08,Niigata / 新潟,08009,Nakakambara / 中蒲原,true,"Dec.31,2005,Gun
08,Niigata / 新潟,0801,Niigata / 新潟,false,,City
08,Niigata / 新潟,08010,Nakakubiki / 中頸城,true,"Mar.31,2005",Gun
08,Niigata / 新潟,080101,Kita / 北,false,,Ku
08,Niigata / 新潟,080102,Higashi / 東,false,,Ku
08,Niigata / 新潟,080103,Chuo / 中央,false,,Ku
08,Niigata / 新潟,080104,Konan / 江南,false,,Ku
08,Niigata / 新潟,080105,Akiha / 秋葉,false,,Ku
08,Niigata / 新潟,080106,Minami / 南,false,,Ku
08,Niigata / 新潟,080107,Nishi / 西,false,,Ku
08,Niigata / 新潟,080108,Nishikan / 西蒲,false,,Ku
08,Niigata / 新潟,08011,Nishikambara / 西蒲原,false,,Gun
08,Niigata / 新潟,08012,Nishikubiki / 西頸城,true,"Mar.18,2005",Gun
08,Niigata / 新潟,08013,Higashikambara / 東蒲原,false,,Gun
08,Niigata / 新潟,08014,Higashikubiki / 東頸城,true,"Mar.31,2005",Gun
08,Niigata / 新潟,08015,Minamiuonuma / 南魚沼,false,,Gun
08,Niigata / 新潟,08016,Minamikambara / 南蒲原,false,,Gun
08,Niigata / 新潟,0802,Nagaoka / 長岡,false,,City
08,Niigata / 新潟,0803,Takada / 高田,true,"Apr.28,1971",City
08,Niigata / 新潟,0804,Sanjo / 三条,false,,City
08,Niigata / 新潟,0805,Kashiwazaki / 柏崎,false,,City
08,Niigata / 新潟,0806,Shibata / 新発田,false,,City
08,Niigata / 新潟,0807,Niitsu / 新津,true,"Mar.20,2005",City
08,Niigata / 新潟,0808,Ojiya / 小千谷,false,,City
08,Niigata / 新潟,0809,Kamo / 加茂,false,,City
08,Niigata / 新潟,0810,Tokamachi / 十日町,false,,City
08,Niigata / 新潟,0811,Mitsuke / 見附,false,,City
08,Niigata / 新潟,0812,Murakami / 村上,false,,City
08,Niigata / 新潟,0813,Tsubame / 燕,false,,City
08,Niigata / 新潟,0814,Naoetsu / 直江津,true,"Apr.28,1971",City
08,Niigata / 新潟,0815,Tochio / 栃尾,true,"Dec.31,2005,City
08,Niigata / 新潟,0816,Itoigawa / 糸魚川,false,,City
08,Niigata / 新潟,0817,Arai / 新井,true,"Mar.31,2005",City
08,Niigata / 新潟,0818,Gosen / 五泉,false,,City
08,Niigata / 新潟,0819,Ryotsu / 両津,true,"Feb.29,2004",City
08,Niigata / 新潟,0820,Shirone / 白根,true,"Mar.20,2005",City
08,Niigata / 新潟,0821,Toyosaka / 豊栄,true,"Mar.20,2005",City
08,Niigata / 新潟,0822,Joetsu / 上越,false,,City
08,Niigata / 新潟,0823,Agano / 阿賀野,false,,City
08,Niigata / 新潟,0824,Sado / 佐渡,false,,City
08,Niigata / 新潟,0825,Uonuma / 魚沼,false,,City
08,Niigata / 新潟,0826,Minamiuonuma / 南魚沼,false,,City
08,Niigata / 新潟,0827,Myoko / 妙高,false,,City
08,Niigata / 新潟,0828,Tainai / 胎内,false,,City
09,Nagano / 長野,09001,Kamiina / 上伊那,false,,Gun
09,Nagano / 長野,09002,Kamitakai / 上高井,false,,Gun
09,Nagano / 長野,09003,Kamiminochi / 上水内,false,,Gun
09,Nagano / 長野,09004,Kiso / 木曽,false,,Gun
09,Nagano / 長野,09005,Kitaazumi / 北安曇,false,,Gun
09,Nagano / 長野,09006,Kitasaku / 北佐久,false,,Gun
09,Nagano / 長野,09007,Sarashina / 更級,true,"Dec.31,2004",Gun
09,Nagano / 長野,09008,Shimoina / 下伊那,false,,Gun
09,Nagano / 長野,09009,Shimotakai / 下高井,false,,Gun
09,Nagano / 長野,0901,Nagano / 長野,false,,City
09,Nagano / 長野,09010,Shimominochi / 下水内,false,,Gun
09,Nagano / 長野,09011,Suwa / 諏訪,false,,Gun
09,Nagano / 長野,09012,Chiisagata / 小県,false,,Gun
09,Nagano / 長野,09013,(Reserved) / (欠番）,true,,Gun
09,Nagano / 長野,09014,Hanishina / 埴科,false,,Gun
09,Nagano / 長野,09015,Higashichikuma / 東筑摩,false,,Gun
09,Nagano / 長野,09016,Minamiazumi / 南安曇,true,"Sep.30,2005",Gun
09,Nagano / 長野,09017,Minamisaku / 南佐久,false,,Gun
09,Nagano / 長野,0902,Matsumoto / 松本,false,,City
09,Nagano / 長野,0903,Ueda / 上田,false,,City
09,Nagano / 長野,0904,Okaya / 岡谷,false,,City
09,Nagano / 長野,0905,Iida / 飯田,false,,City
09,Nagano / 長野,0906,Suwa / 諏訪,false,,City
09,Nagano / 長野,0907,Suzaka / 須坂,false,,City
09,Nagano / 長野,0908,Komoro / 小諸,false,,City
09,Nagano / 長野,0909,Ina / 伊那,false,,City
09,Nagano / 長野,0910,Komagane / 駒ヶ根,false,,City
09,Nagano / 長野,0911,Nakano / 中野,false,,City
09,Nagano / 長野,0912,Omachi / 大町,false,,City
09,Nagano / 長野,0913,Iiyama / 飯山,false,,City
09,Nagano / 長野,0914,Chino / 茅野,false,,City
09,Nagano / 長野,0915,Shiojiri / 塩尻,false,,City
09,Nagano / 長野,0916,Shinonoi / 篠ノ井,true,"Oct.15,1966",City
09,Nagano / 長野,0917,Koshoku / 更埴,true,"Aug.31,2003",City
09,Nagano / 長野,0918,Saku / 佐久,false,,City
09,Nagano / 長野,0919,Chikuma / 千曲,false,,City
09,Nagano / 長野,0920,Toumi / 東御,false,,City
09,Nagano / 長野,0921,Azumino / 安曇野,false,,City
10,Tokyo / 東京,10001,Kitatama / 北多摩,true,"Nov.2,1970",Gun
10,Tokyo / 東京,10002,Nishitama / 西多摩,false,,Gun
10,Tokyo / 東京,10003,Minamitama / 南多摩,true,"Oct.31,1971",Gun
10,Tokyo / 東京,10004,Oshima-Shicho / 大島支庁,false,,Gun
10,Tokyo / 東京,10005,Miyake-Shicho / 三宅支庁,false,,Gun
10,Tokyo / 東京,10006,Hachijo-Shicho / 八丈支庁,false,,Gun
10,Tokyo / 東京,10007,Ogasawara-Shicho / 小笠原支庁,false,,Gun
10,Tokyo / 東京,100101,Chiyoda / 千代田,false,,City
10,Tokyo / 東京,100102,Chuo / 中央,false,,City
10,Tokyo / 東京,100103,Minato / 港,false,,City
10,Tokyo / 東京,100104,Shinjuku / 新宿,false,,City
10,Tokyo / 東京,100105,Bunkyo / 文京,false,,City
10,Tokyo / 東京,100106,Taito / 台東,false,,City
10,Tokyo / 東京,100107,Sumida / 墨田,false,,City
10,Tokyo / 東京,100108,Koto / 江東,false,,City
10,Tokyo / 東京,100109,Shinagawa / 品川,false,,City
10,Tokyo / 東京,100110,Meguro / 目黒,false,,City
10,Tokyo / 東京,100111,Ota / 大田,false,,City
10,Tokyo / 東京,100112,Setagaya / 世田谷,false,,City
10,Tokyo / 東京,100113,Shibuya / 渋谷,false,,City
10,Tokyo / 東京,100114,Nakano / 中野,false,,City
10,Tokyo / 東京,100115,Suginami / 杉並,false,,City
10,Tokyo / 東京,100116,Toshima / 豊島,false,,City
10,Tokyo / 東京,100117,Kita / 北,false,,City
10,Tokyo / 東京,100118,Arakawa / 荒川,false,,City
10,Tokyo / 東京,100119,Itabashi / 板橋,false,,City
10,Tokyo / 東京,100120,Nerima / 練馬,false,,City
10,Tokyo / 東京,100121,Adachi / 足立,false,,City
10,Tokyo / 東京,100122,Katsushika / 葛飾,false,,City
10,Tokyo / 東京,100123,Edogawa / 江戸川,false,,City
10,Tokyo / 東京,1002,Hachioji / 八王子,false,,City
10,Tokyo / 東京,1003,Tachikawa / 立川,false,,City
10,Tokyo / 東京,1004,Musashino / 武蔵野,false,,City
10,Tokyo / 東京,1005,Mitaka / 三鷹,false,,City
10,Tokyo / 東京,1006,Ome / 青梅,false,,City
10,Tokyo / 東京,1007,Fuchu / 府中,false,,City
10,Tokyo / 東京,1008,Akishima / 昭島,false,,City
10,Tokyo / 東京,1009,Chofu / 調布,false,,City
10,Tokyo / 東京,1010,Machida / 町田,false,,City
10,Tokyo / 東京,1011,Koganei / 小金井,false,,City
10,Tokyo / 東京,1012,Kodaira / 小平,false,,City
10,Tokyo / 東京,1013,Hino / 日野,false,,City
10,Tokyo / 東京,1014,Higashimurayama / 東村山,false,,City
10,Tokyo / 東京,1015,Kokubunji / 国分寺,false,,City
10,Tokyo / 東京,1016,Kunitachi / 国立,false,,City
10,Tokyo / 東京,1017,Hoya / 保谷,true,"Jan.20,2001",City
10,Tokyo / 東京,1018,Tanashi / 田無,true,"Jan.20,2001",City
10,Tokyo / 東京,1019,Fussa / 福生,false,,City
10,Tokyo / 東京,1020,Komae / 狛江,false,,City
10,Tokyo / 東京,1021,Higashiyamato / 東大和,false,,City
10,Tokyo / 東京,1022,Kiyose / 清瀬,false,,City
10,Tokyo / 東京,1023,Higashikurume / 東久留米,false,,City
10,Tokyo / 東京,1024,Musashimurayama / 武蔵村山,false,,City
10,Tokyo / 東京,1025,Tama / 多摩,false,,City
10,Tokyo / 東京,1026,Inagi / 稲城,false,,City
10,Tokyo / 東京,1027,Akigawa / 秋川,true,"Aug.31,1995",City
10,Tokyo / 東京,1028,Hamura / 羽村,false,,City
10,Tokyo / 東京,1029,Akiruno / あきる野,false,,City
10,Tokyo / 東京,1030,Nishitokyo / 西東京,false,,City
11,Kanagawa / 神奈川,11001,Aiko / 愛甲,false,,Gun
11,Kanagawa / 神奈川,11002,Ashigarakami / 足柄上,false,,Gun
11,Kanagawa / 神奈川,11003,Ashigarashimo / 足柄下,false,,Gun
11,Kanagawa / 神奈川,11004,Koza / 高座,false,,Gun
11,Kanagawa / 神奈川,11005,Tsukui / 津久井,true,"Mar.10,2007",Gun
11,Kanagawa / 神奈川,11006,Naka / 中,false,,Gun
11,Kanagawa / 神奈川,11007,Miura / 三浦,false,,Gun
11,Kanagawa / 神奈川,1101,Yokohama / 横浜,false,,City
11,Kanagawa / 神奈川,110101,Tsurumi / 鶴見,false,,Ku
11,Kanagawa / 神奈川,110102,Kanagawa / 神奈川,false,,Ku
11,Kanagawa / 神奈川,110103,Nishi / 西,false,,Ku
11,Kanagawa / 神奈川,110104,Naka / 中,false,,Ku
11,Kanagawa / 神奈川,110105,Minami / 南,false,,Ku
11,Kanagawa / 神奈川,110106,Hodogaya / 保土ケ谷,false,,Ku
11,Kanagawa / 神奈川,110107,Isogo / 磯子,false,,Ku
11,Kanagawa / 神奈川,110108,Kanazawa / 金沢,false,,Ku
11,Kanagawa / 神奈川,110109,Kohoku / 港北,false,,Ku
11,Kanagawa / 神奈川,110110,Totsuka / 戸塚,false,,Ku
11,Kanagawa / 神奈川,110111,Konan / 港南,false,,Ku
11,Kanagawa / 神奈川,110112,Asahi / 旭,false,,Ku
11,Kanagawa / 神奈川,110113,Midori / 緑,false,,Ku
11,Kanagawa / 神奈川,110114,Seya / 瀬谷,false,,Ku
11,Kanagawa / 神奈川,110115,Sakae / 栄,false,,Ku
11,Kanagawa / 神奈川,110116,Izumi / 泉,false,,Ku
11,Kanagawa / 神奈川,110117,Aoba / 青葉,false,,Ku
11,Kanagawa / 神奈川,110118,Tsuzuki / 都筑,false,,Ku
11,Kanagawa / 神奈川,1102,Yokosuka / 横須賀,false,,City
11,Kanagawa / 神奈川,1103,Kawasaki / 川崎,false,,City
11,Kanagawa / 神奈川,110301,Kawasaki / 川崎,false,,Ku
11,Kanagawa / 神奈川,110302,Saiwai / 幸,false,,Ku
11,Kanagawa / 神奈川,110303,Nakahara / 中原,false,,Ku
11,Kanagawa / 神奈川,110304,Takatsu / 高津,false,,Ku
11,Kanagawa / 神奈川,110305,Tama / 多摩,false,,Ku
11,Kanagawa / 神奈川,110306,Miyamae / 宮前,false,,Ku
11,Kanagawa / 神奈川,110307,Asao / 麻生,false,,Ku
11,Kanagawa / 神奈川,1104,Hiratsuka / 平塚,false,,City
11,Kanagawa / 神奈川,1105,Kamakura / 鎌倉,false,,City
11,Kanagawa / 神奈川,1106,Fujisawa / 藤沢,false,,City
11,Kanagawa / 神奈川,1107,Odawara / 小田原,false,,City
11,Kanagawa / 神奈川,1108,Chigasaki / 茅ヶ崎,false,,City
11,Kanagawa / 神奈川,1109,Zushi / 逗子,false,,City
11,Kanagawa / 神奈川,1110,Sagamihara / 相模原,false,,City
11,Kanagawa / 神奈川,111001,Midori / 緑,false,,Ku
11,Kanagawa / 神奈川,111002,Chuo / 中央,false,,Ku
11,Kanagawa / 神奈川,111003,Minami / 南,false,,Ku
11,Kanagawa / 神奈川,1111,Miura / 三浦,false,,City
11,Kanagawa / 神奈川,1112,Hadano / 秦野,false,,City
11,Kanagawa / 神奈川,1113,Atsugi / 厚木,false,,City
11,Kanagawa / 神奈川,1114,Yamato / 大和,false,,City
11,Kanagawa / 神奈川,1115,Isehara / 伊勢原,false,,City
11,Kanagawa / 神奈川,1116,Ebina / 海老名,false,,City
11,Kanagawa / 神奈川,1117,Zama / 座間,false,,City
11,Kanagawa / 神奈川,1118,Minamiashigara / 南足柄,false,,City
11,Kanagawa / 神奈川,1119,Ayase / 綾瀬,false,,City
12,Chiba / 千葉,12001,Awa / 安房,false,,Gun
12,Chiba / 千葉,12002,Isumi / 夷隅,false,,Gun
12,Chiba / 千葉,12003,Ichihara / 市原,true,"Sep.30,1967",Gun
12,Chiba / 千葉,12004,Inba / 印旛,false,,Gun
12,Chiba / 千葉,12005,Kaijo / 海上,true,"Jun.30,2005",Gun
12,Chiba / 千葉,12006,Katori / 香取,false,,Gun
12,Chiba / 千葉,12007,Kimitsu / 君津,true,"Mar.31,1991",Gun
12,Chiba / 千葉,12008,Sambu / 山武,false,,Gun
12,Chiba / 千葉,12009,Sosa / 匝瑳,true,"Mar.26,2006",Gun
12,Chiba / 千葉,1201,Chiba / 千葉,false,,City
12,Chiba / 千葉,12010,Chiba / 千葉,true,"Dec.31,1966",Gun
12,Chiba / 千葉,120101,Chuo / 中央,false,,Ku
12,Chiba / 千葉,120102,Hanamigawa / 花見川,false,,Ku
12,Chiba / 千葉,120103,Inage / 稲毛,false,,Ku
12,Chiba / 千葉,120104,Wakaba / 若葉,false,,Ku
12,Chiba / 千葉,120105,Midori / 緑,false,,Ku
12,Chiba / 千葉,120106,Mihama / 美浜,false,,Ku
12,Chiba / 千葉,12011,Chosei / 長生,false,,Gun
12,Chiba / 千葉,12012,Higashikatsushika / 東葛飾,true,"Mar.27,2005",Gun
12,Chiba / 千葉,1202,Choshi / 銚子,false,,City
12,Chiba / 千葉,1203,Ichikawa / 市川,false,,City
12,Chiba / 千葉,1204,Funabashi / 船橋,false,,City
12,Chiba / 千葉,1205,Tateyama / 館山,false,,City
12,Chiba / 千葉,1206,Kisarazu / 木更津,false,,City
12,Chiba / 千葉,1207,Matsudo / 松戸,false,,City
12,Chiba / 千葉,1208,Noda / 野田,false,,City
12,Chiba / 千葉,1209,Sawara / 佐原,true,"Mar.26,2006",City
12,Chiba / 千葉,1210,Mobara / 茂原,false,,City
12,Chiba / 千葉,1211,Narita / 成田,false,,City
12,Chiba / 千葉,1212,Sakura / 佐倉,false,,City
12,Chiba / 千葉,1213,Togane / 東金,false,,City
12,Chiba / 千葉,1214,Yokaichiba / 八日市場,true,"Jan.22,2006",City
12,Chiba / 千葉,1215,Asahi / 旭,false,,City
12,Chiba / 千葉,1216,Narashino / 習志野,false,,City
12,Chiba / 千葉,1217,Kashiwa / 柏,false,,City
12,Chiba / 千葉,1218,Katsuura / 勝浦,false,,City
12,Chiba / 千葉,1219,Ichihara / 市原,false,,City
12,Chiba / 千葉,1220,Nagareyama / 流山,false,,City
12,Chiba / 千葉,1221,Yachiyo / 八千代,false,,City
12,Chiba / 千葉,1222,Abiko / 我孫子,false,,City
12,Chiba / 千葉,1223,Kamogawa / 鴨川,false,,City
12,Chiba / 千葉,1224,Kimitsu / 君津,false,,City
12,Chiba / 千葉,1225,Kamagaya / 鎌ケ谷,false,,City
12,Chiba / 千葉,1226,Futtu / 富津,false,,City
12,Chiba / 千葉,1227,Urayasu / 浦安,false,,City
12,Chiba / 千葉,1228,Yotsukaido / 四街道,false,,City
12,Chiba / 千葉,1229,Sodegaura / 袖ケ浦,false,,City
12,Chiba / 千葉,1230,Yachimata / 八街,false,,City
12,Chiba / 千葉,1231,Inzai / 印西,false,,City
12,Chiba / 千葉,1232,Shiroi / 白井,false,,City
12,Chiba / 千葉,1233,Tomisato / 富里,false,,City
12,Chiba / 千葉,1234,Minamiboso / 南房総,false,,City
12,Chiba / 千葉,1235,Sosa / 匝瑳,false,,City
12,Chiba / 千葉,1236,Katori / 香取,false,,City
12,Chiba / 千葉,1237,Sanmu / 山武,false,,City
12,Chiba / 千葉,1238,Isumi / いすみ,false,,City
12,Chiba / 千葉,1239,Oamishirasato / 大網白里,false,,City
13,Saitama / 埼玉,13001,Iruma / 入間,false,,Gun
13,Saitama / 埼玉,13002,Osato / 大里,false,,Gun
13,Saitama / 埼玉,13003,Kitaadachi / 北足立,false,,Gun
13,Saitama / 埼玉,13004,Kitakatsushika / 北葛飾,false,,Gun
13,Saitama / 埼玉,13005,Kitasaitama / 北埼玉,true,"Mar.22,2010",Gun
13,Saitama / 埼玉,13006,Kodama / 児玉,false,,Gun
13,Saitama / 埼玉,13007,Chichibu / 秩父,false,,Gun
13,Saitama / 埼玉,13008,Hiki / 比企,false,,Gun
13,Saitama / 埼玉,13009,Minamisaitama / 南埼玉,false,,Gun
13,Saitama / 埼玉,1301,Urawa / 浦和,true,"Apr.30,2001",City
13,Saitama / 埼玉,1302,Kawagoe / 川越,false,,City
13,Saitama / 埼玉,1303,Kumagaya / 熊谷,false,,City
13,Saitama / 埼玉,1304,Kawaguchi / 川口,false,,City
13,Saitama / 埼玉,1305,Omiya / 大宮,true,"Apr.30,2001",City
13,Saitama / 埼玉,1306,Gyoda / 行田,false,,City
13,Saitama / 埼玉,1307,Chichibu / 秩父,false,,City
13,Saitama / 埼玉,1308,Tokorozawa / 所沢,false,,City
13,Saitama / 埼玉,1309,Hanno / 飯能,false,,City
13,Saitama / 埼玉,1310,Kazo / 加須,false,,City
13,Saitama / 埼玉,1311,Honjo / 本庄,false,,City
13,Saitama / 埼玉,1312,Higashimatsuyama / 東松山,false,,City
13,Saitama / 埼玉,1313,Iwatsuki / 岩槻,true,"Mar.31,2005",City
13,Saitama / 埼玉,1314,Kasukabe / 春日部,false,,City
13,Saitama / 埼玉,1315,Sayama / 狭山,false,,City
13,Saitama / 埼玉,1316,Hanyu / 羽生,false,,City
13,Saitama / 埼玉,1317,Konosu / 鴻巣,false,,City
13,Saitama / 埼玉,1318,Fukaya / 深谷,false,,City
13,Saitama / 埼玉,1319,Ageo / 上尾,false,,City
13,Saitama / 埼玉,1320,Yono / 与野,true,"Apr.30,2001",City
13,Saitama / 埼玉,1321,Soka / 草加,false,,City
13,Saitama / 埼玉,1322,Koshigaya / 越谷,false,,City
13,Saitama / 埼玉,1323,Warabi / 蕨,false,,City
13,Saitama / 埼玉,1324,Toda / 戸田,false,,City
13,Saitama / 埼玉,1325,Iruma / 入間,false,,City
13,Saitama / 埼玉,1326,Hatogaya / 鳩ヶ谷,true,"Oct.10,2011",City
13,Saitama / 埼玉,1327,Asaka / 朝霞,false,,City
13,Saitama / 埼玉,1328,Shiki / 志木,false,,City
13,Saitama / 埼玉,1329,Wako / 和光,false,,City
13,Saitama / 埼玉,1330,Niiza / 新座,false,,City
13,Saitama / 埼玉,1331,Okegawa / 桶川,false,,City
13,Saitama / 埼玉,1332,Kuki / 久喜,false,,City
13,Saitama / 埼玉,1333,Kitamoto / 北本,false,,City
13,Saitama / 埼玉,1334,Yashio / 八潮,false,,City
13,Saitama / 埼玉,1335,Kamifukuoka / 上福岡,true,"Sep.30,2005",City
13,Saitama / 埼玉,1336,Fujimi / 富士見,false,,City
13,Saitama / 埼玉,1337,Misato / 三郷,false,,City
13,Saitama / 埼玉,1338,Hasuda / 蓮田,false,,City
13,Saitama / 埼玉,1339,Sakado / 坂戸,false,,City
13,Saitama / 埼玉,1340,Satte / 幸手,false,,City
13,Saitama / 埼玉,1341,Tsurugashima / 鶴ヶ島,false,,City
13,Saitama / 埼玉,1342,Hidaka / 日高,false,,City
13,Saitama / 埼玉,1343,Yoshikawa / 吉川,false,,City
13,Saitama / 埼玉,1344,Saitama / さいたま,false,,City
13,Saitama / 埼玉,134401,Nishi / 西,false,,Ku
13,Saitama / 埼玉,134402,Kita / 北,false,,Ku
13,Saitama / 埼玉,134403,Omiya / 大宮,false,,Ku
13,Saitama / 埼玉,134404,Minuma / 見沼,false,,Ku
13,Saitama / 埼玉,134405,Chuo / 中央,false,,Ku
13,Saitama / 埼玉,134406,Sakura / 桜,false,,Ku
13,Saitama / 埼玉,134407,Urawa / 浦和,false,,Ku
13,Saitama / 埼玉,134408,Minami / 南,false,,Ku
13,Saitama / 埼玉,134409,Midori / 緑,false,,Ku
13,Saitama / 埼玉,134410,Iwatsuki / 岩槻,false,,Ku
13,Saitama / 埼玉,1345,Fujimino / ふじみ野,false,,City
13,Saitama / 埼玉,1346,Shiraoka / 白岡,false,,City
14,Ibaraki / 茨城,14001,Inashiki / 稲敷,false,,Gun
14,Ibaraki / 茨城,14002,Kashima / 鹿島,true,"Oct.10,2005",Gun
14,Ibaraki / 茨城,14003,Kitasoma / 北相馬,false,,Gun
14,Ibaraki / 茨城,14004,Kuji / 久慈,false,,Gun
14,Ibaraki / 茨城,14005,Sashima / 猿島,false,,Gun
14,Ibaraki / 茨城,14006,Taga / 多賀,true,"Oct.31,2004",Gun
14,Ibaraki / 茨城,14007,Tsukuba / 筑波,true,"Mar.26,2006",Gun
14,Ibaraki / 茨城,14008,Naka / 那珂,false,,Gun
14,Ibaraki / 茨城,14009,Namegata / 行方,true,"Sep.1,2005",Gun
14,Ibaraki / 茨城,1401,Mito / 水戸,false,,City
14,Ibaraki / 茨城,14010,Niihari / 新治,true,"Mar.26,2006",Gun
14,Ibaraki / 茨城,14011,Nishiibaraki / 西茨城,true,"Mar.18,2006",Gun
14,Ibaraki / 茨城,14012,Higashiibaraki / 東茨城,false,,Gun
14,Ibaraki / 茨城,14013,Makabe / 真壁,true,"Sep.30,2005",Gun
14,Ibaraki / 茨城,14014,Yuki / 結城,false,,Gun
14,Ibaraki / 茨城,1402,Hitachi / 日立,false,,City
14,Ibaraki / 茨城,1403,Tsuchiura / 土浦,false,,City
14,Ibaraki / 茨城,1404,Koga / 古河,false,,City
14,Ibaraki / 茨城,1405,Ishioka / 石岡,false,,City
14,Ibaraki / 茨城,1406,Shimodate / 下館,true,"Mar.27,2005",City
14,Ibaraki / 茨城,1407,Yuki / 結城,false,,City
14,Ibaraki / 茨城,1408,Ryugasaki / 龍ケ崎,false,,City
14,Ibaraki / 茨城,1409,Nakaminato / 那珂湊,true,"Oct.31,1994",City
14,Ibaraki / 茨城,1410,Shimotsuma / 下妻,false,,City
14,Ibaraki / 茨城,1411,Mitsukaido / 水海道,true,"Dec.31,2005,City
14,Ibaraki / 茨城,1412,Hitachiota / 常陸太田,false,,City
14,Ibaraki / 茨城,1413,Katsuta / 勝田,true,"Oct.31,1994",City
14,Ibaraki / 茨城,1414,Takahagi / 高萩,false,,City
14,Ibaraki / 茨城,1415,Kitaibaraki / 北茨城,false,,City
14,Ibaraki / 茨城,1416,Kasama / 笠間,false,,City
14,Ibaraki / 茨城,1417,Toride / 取手,false,,City
14,Ibaraki / 茨城,1418,Iwai / 岩井,true,"Mar.21,2005",City
14,Ibaraki / 茨城,1419,Ushiku / 牛久,false,,City
14,Ibaraki / 茨城,1420,Tsukuba / つくば,false,,City
14,Ibaraki / 茨城,1421,Hitachinaka / ひたちなか,false,,City
14,Ibaraki / 茨城,1422,Kashima / 鹿嶋,false,,City
14,Ibaraki / 茨城,1423,Itako / 潮来,false,,City
14,Ibaraki / 茨城,1424,Moriya / 守谷,false,,City
14,Ibaraki / 茨城,1425,Hitachiomiya / 常陸大宮,false,,City
14,Ibaraki / 茨城,1426,Naka / 那珂,false,,City
14,Ibaraki / 茨城,1427,Chikusei / 筑西,false,,City
14,Ibaraki / 茨城,1428,Bandou / 坂東,false,,City
14,Ibaraki / 茨城,1429,Inashiki / 稲敷,false,,City
14,Ibaraki / 茨城,1430,Kasumigaura / かすみがうら,false,,City
14,Ibaraki / 茨城,1431,Sakuragawa / 桜川,false,,City
14,Ibaraki / 茨城,1432,Kamisu / 神栖,false,,City
14,Ibaraki / 茨城,1433,Namegata / 行方,false,,City
14,Ibaraki / 茨城,1434,Hokota / 鉾田,false,,City
14,Ibaraki / 茨城,1435,Joso / 常総,false,,City
14,Ibaraki / 茨城,1436,Tsukubamirai / つくばみらい,false,,City
14,Ibaraki / 茨城,1437,Omitama / 小美玉,false,,City
15,Tochigi / 栃木,15001,Ashikaga / 足利,true,"Sep.30,1962",Gun
15,Tochigi / 栃木,15002,Aso / 安蘇,true,"Feb.27,2005",Gun
15,Tochigi / 栃木,15003,Kamitsuga / 上都賀,true,"Sep.30,2011",Gun
15,Tochigi / 栃木,15004,Kawachi / 河内,false,,Gun
15,Tochigi / 栃木,15005,Shioya / 塩谷,false,,Gun
15,Tochigi / 栃木,15006,Shimotsuga / 下都賀,false,,Gun
15,Tochigi / 栃木,15007,Nasu / 那須,false,,Gun
15,Tochigi / 栃木,15008,Haga / 芳賀,false,,Gun
15,Tochigi / 栃木,1501,Utsunomiya / 宇都宮,false,,City
15,Tochigi / 栃木,1502,Ashikaga / 足利,false,,City
15,Tochigi / 栃木,1503,Tochigi / 栃木,false,,City
15,Tochigi / 栃木,1504,Sano / 佐野,false,,City
15,Tochigi / 栃木,1505,Kanuma / 鹿沼,false,,City
15,Tochigi / 栃木,1506,Nikko / 日光,false,,City
15,Tochigi / 栃木,1507,Imaichi / 今市,true,"Mar.19,2006",City
15,Tochigi / 栃木,1508,Oyama / 小山,false,,City
15,Tochigi / 栃木,1509,Mooka / 真岡,false,,City
15,Tochigi / 栃木,1510,Otawara / 大田原,false,,City
15,Tochigi / 栃木,1511,Yaita / 矢板,false,,City
15,Tochigi / 栃木,1512,Kuroiso / 黒磯,true,"Dec.31,2004",City
15,Tochigi / 栃木,1513,Nasushiobara / 那須塩原,false,,City
15,Tochigi / 栃木,1514,Sakura / さくら,false,,City
15,Tochigi / 栃木,1515,Nasukarasuyama / 那須烏山,false,,City
15,Tochigi / 栃木,1516,Shimotsuke / 下野,false,,City
16,Gunma / 群馬,16001,Agatsuma / 吾妻,false,,Gun
16,Gunma / 群馬,16002,Usui / 碓氷,true,"Mar.17,2006",Gun
16,Gunma / 群馬,16003,Ora / 邑楽,false,,Gun
16,Gunma / 群馬,16004,Kanra / 甘楽,false,,Gun
16,Gunma / 群馬,16005,Kitagumma / 北群馬,false,,Gun
16,Gunma / 群馬,16006,Gumma / 群馬,true,"Sep.30,2006",Gun
16,Gunma / 群馬,16007,Sawa / 佐波,false,,Gun
16,Gunma / 群馬,16008,Seta / 勢多,true,"May.04,2009",Gun
16,Gunma / 群馬,16009,Tano / 多野,false,,Gun
16,Gunma / 群馬,1601,Maebashi / 前橋,false,,City
16,Gunma / 群馬,16010,Tone / 利根,false,,Gun
16,Gunma / 群馬,16011,Nitta / 新田,true,"Mar.26,2006",Gun
16,Gunma / 群馬,16012,Yamada / 山田,true,"Mar.26,2006",Gun
16,Gunma / 群馬,1602,Takasaki / 高崎,false,,City
16,Gunma / 群馬,1603,Kiryu / 桐生,false,,City
16,Gunma / 群馬,1604,Isesaki / 伊勢崎,false,,City
16,Gunma / 群馬,1605,Ota / 太田,false,,City
16,Gunma / 群馬,1606,Numata / 沼田,false,,City
16,Gunma / 群馬,1607,Tatebayashi / 館林,false,,City
16,Gunma / 群馬,1608,Shibukawa / 渋川,false,,City
16,Gunma / 群馬,1609,Fujioka / 藤岡,false,,City
16,Gunma / 群馬,1610,Tomioka / 富岡,false,,City
16,Gunma / 群馬,1611,Annaka / 安中,false,,City
16,Gunma / 群馬,1612,Midori / みどり,false,,City
17,Yamanashi / 山梨,17001,Kitakoma / 北巨摩,true,"Mar.14,2006",Gun
17,Yamanashi / 山梨,17002,Kitatsuru / 北都留,false,,Gun
17,Yamanashi / 山梨,17003,Nakakoma / 中巨摩,false,,Gun
17,Yamanashi / 山梨,17004,Nishiyatsushiro / 西八代,false,,Gun
17,Yamanashi / 山梨,17005,Higashiyatsushiro / 東八代,true,"Jul.31,2006",Gun
17,Yamanashi / 山梨,17006,Higashiyamanashi / 東山梨,true,"Oct.31,2005",Gun
17,Yamanashi / 山梨,17007,Minamikoma / 南巨摩,false,,Gun
17,Yamanashi / 山梨,17008,Minamitsuru / 南都留,false,,Gun
17,Yamanashi / 山梨,1701,Kofu / 甲府,false,,City
17,Yamanashi / 山梨,1702,Fujiyoshida / 富士吉田,false,,City
17,Yamanashi / 山梨,1703,Enzan / 塩山,true,"Oct.31,2005",City
17,Yamanashi / 山梨,1704,Tsuru / 都留,false,,City
17,Yamanashi / 山梨,1705,Yamanashi / 山梨,false,,City
17,Yamanashi / 山梨,1706,Otsuki / 大月,false,,City
17,Yamanashi / 山梨,1707,Nirasaki / 韮崎,false,,City
17,Yamanashi / 山梨,1708,Minami-Alps / 南アルプス,false,,City
17,Yamanashi / 山梨,1709,Hokuto / 北杜,false,,City
17,Yamanashi / 山梨,1710,Kai / 甲斐,false,,City
17,Yamanashi / 山梨,1711,Fuefuki / 笛吹,false,,City
17,Yamanashi / 山梨,1712,Uenohara / 上野原,false,,City
17,Yamanashi / 山梨,1713,Koshu / 甲州,false,,City
17,Yamanashi / 山梨,1714,Chuo / 中央,false,,City
18,Shizuoka / 静岡,18001,Abe / 安倍,true,"Dec.31,1968",Gun
18,Shizuoka / 静岡,18002,Inasa / 引佐,true,"Jun.30,2005",Gun
18,Shizuoka / 静岡,18003,Ihara / 庵原,true,"Oct.31,2008",Gun
18,Shizuoka / 静岡,18004,Iwata / 磐田,true,"Jun.30,2005",Gun
18,Shizuoka / 静岡,18005,Ogasa / 小笠,true,"Mar.31,2005",Gun
18,Shizuoka / 静岡,18006,Kamo / 賀茂,false,,Gun
18,Shizuoka / 静岡,18007,Shida / 志太,true,"Dec.31,2008",Gun
18,Shizuoka / 静岡,18008,Shuchi / 周智,false,,Gun
18,Shizuoka / 静岡,18009,Sunto / 駿東,false,,Gun
18,Shizuoka / 静岡,1801,Shizuoka / 静岡,false,,City
18,Shizuoka / 静岡,18010,Tagata / 田方,false,,Gun
18,Shizuoka / 静岡,180101,Aoi / 葵,false,,Ku
18,Shizuoka / 静岡,180102,Suruga / 駿河,false,,Ku
18,Shizuoka / 静岡,180103,Shimizu / 清水,false,,Ku
18,Shizuoka / 静岡,18011,Haibara / 榛原,false,,Gun
18,Shizuoka / 静岡,18012,Hamana / 浜名,true,"Mar.22,2010",Gun
18,Shizuoka / 静岡,18013,Fuji / 富士,true,"Mar.22,2010",Gun
18,Shizuoka / 静岡,1802,Hamamatsu / 浜松,false,,City
18,Shizuoka / 静岡,180201,Naka / 中,false,,Ku
18,Shizuoka / 静岡,180202,Higashi / 東,false,,Ku
18,Shizuoka / 静岡,180203,Nishi / 西,false,,Ku
18,Shizuoka / 静岡,180204,Minami / 南,false,,Ku
18,Shizuoka / 静岡,180205,Kita / 北,false,,Ku
18,Shizuoka / 静岡,180206,Hamakita / 浜北,false,,Ku
18,Shizuoka / 静岡,180207,Tenryu / 天竜,false,,Ku
18,Shizuoka / 静岡,1803,Numazu / 沼津,false,,City
18,Shizuoka / 静岡,1804,Shimizu / 清水,true,"Mar.31,2003",City
18,Shizuoka / 静岡,1805,Atami / 熱海,false,,City
18,Shizuoka / 静岡,1806,Mishima / 三島,false,,City
18,Shizuoka / 静岡,1807,Fujinomiya / 富士宮,false,,City
18,Shizuoka / 静岡,1808,Ito / 伊東,false,,City
18,Shizuoka / 静岡,1809,Shimada / 島田,false,,City
18,Shizuoka / 静岡,1810,Yoshiwara / 吉原,true,"Oct.31,1966",City
18,Shizuoka / 静岡,1811,Iwata / 磐田,false,,City
18,Shizuoka / 静岡,1812,Yaizu / 焼津,false,,City
18,Shizuoka / 静岡,1813,Fuji / 富士,false,,City
18,Shizuoka / 静岡,1814,Kakegawa / 掛川,false,,City
18,Shizuoka / 静岡,1815,Fujieda / 藤枝,false,,City
18,Shizuoka / 静岡,1816,Gotemba / 御殿場,false,,City
18,Shizuoka / 静岡,1817,Fukuroi / 袋井,false,,City
18,Shizuoka / 静岡,1818,Tenryu / 天竜,true,"Jun.30,2005",City
18,Shizuoka / 静岡,1819,Hamakita / 浜北,true,"Jun.30,2005",City
18,Shizuoka / 静岡,1820,Shimoda / 下田,false,,City
18,Shizuoka / 静岡,1821,Susono / 裾野,false,,City
18,Shizuoka / 静岡,1822,Kosai / 湖西,false,,City
18,Shizuoka / 静岡,1823,Izu / 伊豆,false,,City
18,Shizuoka / 静岡,1824,Omaezaki / 御前崎,false,,City
18,Shizuoka / 静岡,1825,Kikugawa / 菊川,false,,City
18,Shizuoka / 静岡,1826,Izunokuni / 伊豆の国,false,,City
18,Shizuoka / 静岡,1827,Makinohara / 牧之原,false,,City
19,Gifu / 岐阜,19001,Anpachi / 安八,false,,Gun
19,Gifu / 岐阜,19002,Inaba / 稲葉,true,"Mar.31,1963",Gun
19,Gifu / 岐阜,19003,Ibi / 揖斐,false,,Gun
19,Gifu / 岐阜,19004,Ena / 恵那,true,"Feb.12,2005",Gun
19,Gifu / 岐阜,19005,Ono / 大野,false,,Gun
19,Gifu / 岐阜,19006,Kaizu / 海津,true,"Mar.27,2005",Gun
19,Gifu / 岐阜,19007,Kani / 可児,false,,Gun
19,Gifu / 岐阜,19008,Kamo / 加茂,false,,Gun
19,Gifu / 岐阜,19009,Gujo / 郡上,true,"Feb.29,2004",Gun
19,Gifu / 岐阜,1901,Gifu / 岐阜,false,,City
19,Gifu / 岐阜,19010,Toki / 土岐,true,"Jan.22,2006",Gun
19,Gifu / 岐阜,19011,Hashima / 羽島,false,,Gun
19,Gifu / 岐阜,19012,Fuwa / 不破,false,,Gun
19,Gifu / 岐阜,19013,Mashita / 益田,true,"Feb.29,2004",Gun
19,Gifu / 岐阜,19014,Mugi / 武儀,true,"Feb.6,2005",Gun
19,Gifu / 岐阜,19015,Motosu / 本巣,false,,Gun
19,Gifu / 岐阜,19016,Yamagata / 山県,true,"Mar.31,2003",Gun
19,Gifu / 岐阜,19017,Yoro / 養老,false,,Gun
19,Gifu / 岐阜,19018,Yoshiki / 吉城,true,"Jan.31,2005",Gun
19,Gifu / 岐阜,1902,Ogaki / 大垣,false,,City
19,Gifu / 岐阜,1903,Takayama / 高山,false,,City
19,Gifu / 岐阜,1904,Tajimi / 多治見,false,,City
19,Gifu / 岐阜,1905,Seki / 関,false,,City
19,Gifu / 岐阜,1906,Nakatsugawa / 中津川,false,,City
19,Gifu / 岐阜,1907,Mino / 美濃,false,,City
19,Gifu / 岐阜,1908,Mizunami / 瑞浪,false,,City
19,Gifu / 岐阜,1909,Hashima / 羽島,false,,City
19,Gifu / 岐阜,1910,Ena / 恵那,false,,City
19,Gifu / 岐阜,1911,Minokamo / 美濃加茂,false,,City
19,Gifu / 岐阜,1912,Toki / 土岐,false,,City
19,Gifu / 岐阜,1913,Kakamigahara / 各務原,false,,City
19,Gifu / 岐阜,1914,Kani / 可児,false,,City
19,Gifu / 岐阜,1915,Yamagata / 山県,false,,City
19,Gifu / 岐阜,1916,Mizuho / 瑞穂,false,,City
19,Gifu / 岐阜,1917,Hida / 飛騨,false,,City
19,Gifu / 岐阜,1918,Motosu / 本巣,false,,City
19,Gifu / 岐阜,1919,Gujo / 郡上,false,,City
19,Gifu / 岐阜,1920,Gero / 下呂,false,,City
19,Gifu / 岐阜,1921,Kaizu / 海津,false,,City
20,Aichi / 愛知,20001,Aichi / 愛知,false,,Gun
20,Aichi / 愛知,20002,Atsumi / 渥美,true,"Sep.30,2005",Gun
20,Aichi / 愛知,20003,Ama / 海部,false,,Gun
20,Aichi / 愛知,20004,Kitashitara / 北設楽,false,,Gun
20,Aichi / 愛知,20005,Chita / 知多,false,,Gun
20,Aichi / 愛知,20006,Nakashima / 中島,true,"Mar.31,2005",Gun
20,Aichi / 愛知,20007,Nishikasugai / 西春日井,false,,Gun
20,Aichi / 愛知,20008,Nishikamo / 西加茂,true,"Jan.03,2010",Gun
20,Aichi / 愛知,20009,Niwa / 丹羽,false,,Gun
20,Aichi / 愛知,2001,Nagoya / 名古屋,false,,City
20,Aichi / 愛知,20010,Nukata / 額田,false,,Gun
20,Aichi / 愛知,200101,Chikusa / 千種,false,,Ku
20,Aichi / 愛知,200102,Higashi / 東,false,,Ku
20,Aichi / 愛知,200104,Nishi / 西,false,,Ku
20,Aichi / 愛知,200105,Nakamura / 中村,false,,Ku
20,Aichi / 愛知,200106,Naka / 中,false,,Ku
20,Aichi / 愛知,200107,Showa / 昭和,false,,Ku
20,Aichi / 愛知,200108,Mizuho / 瑞穂,false,,Ku
20,Aichi / 愛知,200109,Atsuta / 熱田,false,,Ku
20,Aichi / 愛知,20011,Haguri / 葉栗,true,"Mar.31,2005",Gun
20,Aichi / 愛知,200110,Nakagawa / 中川,false,,Ku
20,Aichi / 愛知,200111,Minato / 港,false,,Ku
20,Aichi / 愛知,200112,Minami / 南,false,,Ku
20,Aichi / 愛知,200113,Moriyama / 守山,false,,Ku
20,Aichi / 愛知,200114,Midori / 緑,false,,Ku
20,Aichi / 愛知,200115,Meito / 名東,false,,Ku
20,Aichi / 愛知,200116,Tenpaku / 天白,false,,Ku
20,Aichi / 愛知,20012,Hazu / 幡豆,true,"Mar.31,2011",Gun
20,Aichi / 愛知,20013,Higashikasugai / 東春日井,true,"Nov.30,1970",Gun
20,Aichi / 愛知,20014,Higashikamo / 東加茂,true,"Mar.31,2005",Gun
20,Aichi / 愛知,20015,Hekikai / 碧海,true,"Nov.30,1970",Gun
20,Aichi / 愛知,20016,Hoi / 宝飯,true,"Jan.31,2010",Gun
20,Aichi / 愛知,20017,Minamishitara / 南設楽,true,"Sep.30,2005",Gun
20,Aichi / 愛知,20018,Yana / 八名,true,"Sep.29,1956",Gun
20,Aichi / 愛知,2002,Toyohashi / 豊橋,false,,City
20,Aichi / 愛知,2003,Okazaki / 岡崎,false,,City
20,Aichi / 愛知,2004,Ichinomiya / 一宮,false,,City
20,Aichi / 愛知,2005,Seto / 瀬戸,false,,City
20,Aichi / 愛知,2006,Handa / 半田,false,,City
20,Aichi / 愛知,2007,Kasugai / 春日井,false,,City
20,Aichi / 愛知,2008,Toyokawa / 豊川,false,,City
20,Aichi / 愛知,2009,Tsushima / 津島,false,,City
20,Aichi / 愛知,2010,Hekinan / 碧南,false,,City
20,Aichi / 愛知,2011,Kariya / 刈谷,false,,City
20,Aichi / 愛知,2012,Toyota / 豊田,false,,City
20,Aichi / 愛知,2013,Anjo / 安城,false,,City
20,Aichi / 愛知,2014,Nishio / 西尾,false,,City
20,Aichi / 愛知,2015,Gamagori / 蒲郡,false,,City
20,Aichi / 愛知,2016,Inuyama / 犬山,false,,City
20,Aichi / 愛知,2017,Tokoname / 常滑,false,,City
20,Aichi / 愛知,2018,Moriyama / 守山,true,"Feb.9,1963",City
20,Aichi / 愛知,2019,Konan / 江南,false,,City
20,Aichi / 愛知,2020,Bisai / 尾西,true,"Mar.31,2005",City
20,Aichi / 愛知,2021,Komaki / 小牧,false,,City
20,Aichi / 愛知,2022,Inazawa / 稲沢,false,,City
20,Aichi / 愛知,2023,Shinshiro / 新城,false,,City
20,Aichi / 愛知,2024,Tokai / 東海,false,,City
20,Aichi / 愛知,2025,Obu / 大府,false,,City
20,Aichi / 愛知,2026,Chita / 知多,false,,City
20,Aichi / 愛知,2027,Takahama / 高浜,false,,City
20,Aichi / 愛知,2028,Chiryu / 知立,false,,City
20,Aichi / 愛知,2029,Owariasahi / 尾張旭,false,,City
20,Aichi / 愛知,2030,Iwakura / 岩倉,false,,City
20,Aichi / 愛知,2031,Toyoake / 豊明,false,,City
20,Aichi / 愛知,2032,Nissin / 日進,false,,City
20,Aichi / 愛知,2033,Tahara / 田原,false,,City
20,Aichi / 愛知,2034,Aisai / 愛西,false,,City
20,Aichi / 愛知,2035,Kiyosu / 清須,false,,City
20,Aichi / 愛知,2036,Kitanagoya / 北名古屋,false,,City
20,Aichi / 愛知,2037,Yatomi / 弥富,false,,City
20,Aichi / 愛知,2038,Miyoshi / みよし,false,,City
20,Aichi / 愛知,2039,Ama / あま,false,,City
20,Aichi / 愛知,2040,Nagakute / 長久手,false,,City
21,Triple / 三重,21001,Age / 安芸,true,"Dec.31,2005,Gun
21,Triple / 三重,21002,Ano / 安濃,true,"Sep.29,1956",Gun
21,Triple / 三重,21003,Ayama / 阿山,true,"Oct.31,2004",Gun
21,Triple / 三重,21004,Iinan / 飯南,true,"Dec.31,2004",Gun
21,Triple / 三重,21005,Ichishi / 一志,true,"Dec.31,2005,Gun
21,Triple / 三重,21006,Inabe / 員弁,false,,Gun
21,Triple / 三重,21007,Kawage / 河芸,true,"Sep.29,1956",Gun
21,Triple / 三重,21008,Kitamuro / 北牟婁,false,,Gun
21,Triple / 三重,21009,Kuwana / 桑名,false,,Gun
21,Triple / 三重,2101,Tsu / 津,false,,City
21,Triple / 三重,21010,Shima / 志摩,true,"Sep.30,2004",Gun
21,Triple / 三重,21011,Suzuka / 鈴鹿,true,"Jan.10,2005",Gun
21,Triple / 三重,21012,Taki / 多気,false,,Gun
21,Triple / 三重,21013,Naga / 名賀,true,"Oct.31,2004",Gun
21,Triple / 三重,21014,Mie / 三重,false,,Gun
21,Triple / 三重,21015,Minamimuro / 南牟婁,false,,Gun
21,Triple / 三重,21016,Watarai / 度会,false,,Gun
21,Triple / 三重,2102,Yokkaichi / 四日市,false,,City
21,Triple / 三重,2103,Ise / 伊勢,false,,City
21,Triple / 三重,2104,Matsusaka / 松阪,false,,City
21,Triple / 三重,2105,Kuwana / 桑名,false,,City
21,Triple / 三重,2106,Ueno / 上野,true,"Oct.31,2004",City
21,Triple / 三重,2107,Suzuka / 鈴鹿,false,,City
21,Triple / 三重,2108,Nabari / 名張,false,,City
21,Triple / 三重,2109,Owase / 尾鷲,false,,City
21,Triple / 三重,2110,Kameyama / 亀山,false,,City
21,Triple / 三重,2111,Toba / 鳥羽,false,,City
21,Triple / 三重,2112,Kumano / 熊野,false,,City
21,Triple / 三重,2113,Hisai / 久居,true,"Dec.31,2005,City
21,Triple / 三重,2114,Ujiyamada / 宇治山田,true,"Dec.31,1954",City
21,Triple / 三重,2115,Inabe / いなべ,false,,City
21,Triple / 三重,2116,Shima / 志摩,false,,City
21,Triple / 三重,2117,Iga / 伊賀,false,,City
22,Kyoto / 京都,22001,Amada / 天田,true,"Dec.31,2005,Gun
22,Kyoto / 京都,22002,Ikaruga / 何鹿,true,"Sep.29,1956",Gun
22,Kyoto / 京都,22003,Otokuni / 乙訓,false,,Gun
22,Kyoto / 京都,22004,Kasa / 加佐,true,"Dec.31,2005,Gun
22,Kyoto / 京都,22005,Kitakuwada / 北桑田,true,"Dec.31,2005,Gun
22,Kyoto / 京都,22006,Kuse / 久世,false,,Gun
22,Kyoto / 京都,22007,Kumano / 熊野,true,"Mar.31,2004",Gun
22,Kyoto / 京都,22008,Soraku / 相楽,false,,Gun
22,Kyoto / 京都,22009,Takeno / 竹野,true,"Mar.31,2004",Gun
22,Kyoto / 京都,2201,Kyoto / 京都,false,,City
22,Kyoto / 京都,22010,Tsuzuki / 綴喜,false,,Gun
22,Kyoto / 京都,220101,Kita / 北,false,,Ku
22,Kyoto / 京都,220102,Kamigyo / 上京,false,,Ku
22,Kyoto / 京都,220103,Sakyo / 左京,false,,Ku
22,Kyoto / 京都,220104,Nakagyo / 中京,false,,Ku
22,Kyoto / 京都,220105,Higashiyama / 東山,false,,Ku
22,Kyoto / 京都,220106,Shimogyo / 下京,false,,Ku
22,Kyoto / 京都,220107,Minami / 南,false,,Ku
22,Kyoto / 京都,220108,Ukyo / 右京,false,,Ku
22,Kyoto / 京都,220109,Fushimi / 伏見,false,,Ku
22,Kyoto / 京都,22011,Naka / 中,true,"Mar.31,2004",Gun
22,Kyoto / 京都,220110,Yamashina / 山科,false,,Ku
22,Kyoto / 京都,220111,Nishikyo / 西京,false,,Ku
22,Kyoto / 京都,22012,Funai / 船井,false,,Gun
22,Kyoto / 京都,22013,Minamikuwada / 南桑田,true,"Sep.29,1959",Gun
22,Kyoto / 京都,22014,Yoza / 与謝,false,,Gun
22,Kyoto / 京都,2202,Fukuchiyama / 福知山,false,,City
22,Kyoto / 京都,2203,Maizuru / 舞鶴,false,,City
22,Kyoto / 京都,2204,Ayabe / 綾部,false,,City
22,Kyoto / 京都,2205,Uji / 宇治,false,,City
22,Kyoto / 京都,2206,Miyazu / 宮津,false,,City
22,Kyoto / 京都,2207,Kameoka / 亀岡,false,,City
22,Kyoto / 京都,2208,Joyo / 城陽,false,,City
22,Kyoto / 京都,2209,Nagaokakyo / 長岡京,false,,City
22,Kyoto / 京都,2210,Muko / 向日,false,,City
22,Kyoto / 京都,2211,Yawata / 八幡,false,,City
22,Kyoto / 京都,2212,Kyotanabe / 京田辺,false,,City
22,Kyoto / 京都,2213,Kyotango / 京丹後,false,,City
22,Kyoto / 京都,2214,Nantan / 南丹,false,,City
22,Kyoto / 京都,2215,Kizugawa / 木津川,false,,City
23,Shiga / 滋賀,23001,Ika / 伊香,true,"Dec.31,2009",Gun
23,Shiga / 滋賀,23002,Inukami / 犬上,false,,Gun
23,Shiga / 滋賀,23003,Echi / 愛知,false,,Gun
23,Shiga / 滋賀,23004,Gamou / 蒲生,false,,Gun
23,Shiga / 滋賀,23005,Kanzaki / 神崎,true,"Dec.31,2005,Gun
23,Shiga / 滋賀,23006,Kurita / 栗太,true,"Sep.30,2001",Gun
23,Shiga / 滋賀,23007,Koka / 甲賀,true,"Sep.30,2004",Gun
23,Shiga / 滋賀,23008,Sakata / 坂田,true,"Sep.30,2005",Gun
23,Shiga / 滋賀,23009,Shiga / 滋賀,true,"Mar.19,2006",Gun
23,Shiga / 滋賀,2301,Otsu / 大津,false,,City
23,Shiga / 滋賀,23010,Takashima / 高島,true,"Dec.31,2004",Gun
23,Shiga / 滋賀,23011,Higashiazai / 東浅井,true,"Dec.31,2009",Gun
23,Shiga / 滋賀,23012,Yasu / 野洲,true,"Sep.30,2004",Gun
23,Shiga / 滋賀,2302,Hikone / 彦根,false,,City
23,Shiga / 滋賀,2303,Nagahama / 長浜,false,,City
23,Shiga / 滋賀,2304,Omihachiman / 近江八幡,false,,City
23,Shiga / 滋賀,2305,Yokaichi / 八日市,true,"Feb.10,2005",City
23,Shiga / 滋賀,2306,Kusatsu / 草津,false,,City
23,Shiga / 滋賀,2307,Moriyama / 守山,false,,City
23,Shiga / 滋賀,2308,Ritto / 栗東,false,,City
23,Shiga / 滋賀,2309,Koka / 甲賀,false,,City
23,Shiga / 滋賀,2310,Yasu / 野洲,false,,City
23,Shiga / 滋賀,2311,Konan / 湖南,false,,City
23,Shiga / 滋賀,2312,Takashima / 高島,false,,City
23,Shiga / 滋賀,2313,Higashioumi / 東近江,false,,City
23,Shiga / 滋賀,2314,Maibara / 米原,false,,City
24,Nara / 奈良,24001,Ikoma / 生駒,false,,Gun
24,Nara / 奈良,24002,Uda / 宇陀,false,,Gun
24,Nara / 奈良,24003,Uchi / 宇智,true,"Dec.31,1958",Gun
24,Nara / 奈良,24004,Kitakatsuragi / 北葛城,false,,Gun
24,Nara / 奈良,24005,Shiki / 磯城,false,,Gun
24,Nara / 奈良,24006,Soekami / 添上,true,"Mar.31,2005",Gun
24,Nara / 奈良,24007,Takaichi / 高市,false,,Gun
24,Nara / 奈良,24008,Minamikatsuragi / 南葛城,true,"Mar.30,1958",Gun
24,Nara / 奈良,24009,Yamabe / 山辺,false,,Gun
24,Nara / 奈良,2401,Nara / 奈良,false,,City
24,Nara / 奈良,24010,Yoshino / 吉野,false,,Gun
24,Nara / 奈良,2402,Yamatotakada / 大和高田,false,,City
24,Nara / 奈良,2403,Yamatokoriyama / 大和郡山,false,,City
24,Nara / 奈良,2404,Tenri / 天理,false,,City
24,Nara / 奈良,2405,Kashihara / 橿原,false,,City
24,Nara / 奈良,2406,Sakurai / 桜井,false,,City
24,Nara / 奈良,2407,Gojo / 五條,false,,City
24,Nara / 奈良,2408,Gose / 御所,false,,City
24,Nara / 奈良,2409,Ikoma / 生駒,false,,City
24,Nara / 奈良,2410,Kashiba / 香芝,false,,City
24,Nara / 奈良,2411,Katsuragi / 葛城,false,,City
24,Nara / 奈良,2412,Uda / 宇陀,false,,City
25,Osaka / 大阪,25001,Kitakawachi / 北河内,true,"Nov.2,1971",Gun
25,Osaka / 大阪,25002,Sennan / 泉南,false,,Gun
25,Osaka / 大阪,25003,Senboku / 泉北,false,,Gun
25,Osaka / 大阪,25004,Toyono / 豊能,false,,Gun
25,Osaka / 大阪,25005,Nakakawachi / 中河内,true,"Apr.2,1965",Gun
25,Osaka / 大阪,25006,Mishima / 三島,false,,Gun
25,Osaka / 大阪,25007,Minamikawachi / 南河内,false,,Gun
25,Osaka / 大阪,2501,Osaka / 大阪,false,,City
25,Osaka / 大阪,250101,Kita / 北,false,,Ku
25,Osaka / 大阪,250102,Miyakojima / 都島,false,,Ku
25,Osaka / 大阪,250103,Fukushima / 福島,false,,Ku
25,Osaka / 大阪,250104,Konohana / 此花,false,,Ku
25,Osaka / 大阪,250105,Higashi / 東,true,平成元年2月12日以前,Ku
25,Osaka / 大阪,250106,Nishi / 西,false,,Ku
25,Osaka / 大阪,250107,Minato / 港,false,,Ku
25,Osaka / 大阪,250108,Taisho / 大正,false,,Ku
25,Osaka / 大阪,250109,Tennoji / 天王寺,false,,Ku
25,Osaka / 大阪,250110,Minami / 南,true,平成元年2月12日以前,Ku
25,Osaka / 大阪,250111,Naniwa / 浪速,false,,Ku
25,Osaka / 大阪,250112,Oyodo / 大淀,true,平成元年2月12日以前,Ku
25,Osaka / 大阪,250113,Nishiyodogawa / 西淀川,false,,Ku
25,Osaka / 大阪,250114,Higashiyodogawa / 東淀川,false,,Ku
25,Osaka / 大阪,250115,Higashinari / 東成,false,,Ku
25,Osaka / 大阪,250116,Ikuno / 生野,false,,Ku
25,Osaka / 大阪,250117,Asahi / 旭,false,,Ku
25,Osaka / 大阪,250118,Joto / 城東,false,,Ku
25,Osaka / 大阪,250119,Abeno / 阿倍野,false,,Ku
25,Osaka / 大阪,250120,Sumiyoshi / 住吉,false,,Ku
25,Osaka / 大阪,250121,Higashisumiyoshi / 東住吉,false,,Ku
25,Osaka / 大阪,250122,Nishinari / 西成,false,,Ku
25,Osaka / 大阪,250123,Yodogawa / 淀川,false,,Ku
25,Osaka / 大阪,250124,Tsurumi / 鶴見,false,,Ku
25,Osaka / 大阪,250125,Suminoe / 住之江,false,,Ku
25,Osaka / 大阪,250126,Hirano / 平野,false,,Ku
25,Osaka / 大阪,250127,Chuo / 中央,false,,Ku
25,Osaka / 大阪,2502,Sakai / 堺,false,,City
25,Osaka / 大阪,250201,Sakai / 堺,false,,Ku
25,Osaka / 大阪,250202,Naka / 中,false,,Ku
25,Osaka / 大阪,250203,Higashi / 東,false,,Ku
25,Osaka / 大阪,250204,Nishi / 西,false,,Ku
25,Osaka / 大阪,250205,Minami / 南,false,,Ku
25,Osaka / 大阪,250206,Kita / 北,false,,Ku
25,Osaka / 大阪,250207,Mihara / 美原,false,,Ku
25,Osaka / 大阪,2503,Kishiwada / 岸和田,false,,City
25,Osaka / 大阪,2504,Toyonaka / 豊中,false,,City
25,Osaka / 大阪,2505,Fuse / 布施,true,"Jan.31.1967",City
25,Osaka / 大阪,2506,Ikeda / 池田,false,,City
25,Osaka / 大阪,2507,Suita / 吹田,false,,City
25,Osaka / 大阪,2508,Izumiotsu / 泉大津,false,,City
25,Osaka / 大阪,2509,Takatsuki / 高槻,false,,City
25,Osaka / 大阪,2510,Kaizuka / 貝塚,false,,City
25,Osaka / 大阪,2511,Moriguchi / 守口,false,,City
25,Osaka / 大阪,2512,Hirakata / 枚方,false,,City
25,Osaka / 大阪,2513,Ibaraki / 茨木,false,,City
25,Osaka / 大阪,2514,Yao / 八尾,false,,City
25,Osaka / 大阪,2515,Izumisano / 泉佐野,false,,City
25,Osaka / 大阪,2516,Tondabayashi / 富田林,false,,City
25,Osaka / 大阪,2517,Neyagawa / 寝屋川,false,,City
25,Osaka / 大阪,2518,Kawachinagano / 河内長野,false,,City
25,Osaka / 大阪,2519,Hiraoka / 枚岡,true,"Jan.31,1967",City
25,Osaka / 大阪,2520,Kawachi / 河内,true,"Jan.31,1967",City
25,Osaka / 大阪,2521,Matsubara / 松原,false,,City
25,Osaka / 大阪,2522,Daito / 大東,false,,City
25,Osaka / 大阪,2523,Izumi / 和泉,false,,City
25,Osaka / 大阪,2524,Mino / 箕面,false,,City
25,Osaka / 大阪,2525,Kashiwara / 柏原,false,,City
25,Osaka / 大阪,2526,Habikino / 羽曳野,false,,City
25,Osaka / 大阪,2527,Kadoma / 門真,false,,City
25,Osaka / 大阪,2528,Settsu / 摂津,false,,City
25,Osaka / 大阪,2529,Fujiidera / 藤井寺,false,,City
25,Osaka / 大阪,2530,Takaishi / 高石,false,,City
25,Osaka / 大阪,2531,Higashiosaka / 東大阪,false,,City
25,Osaka / 大阪,2532,Sennan / 泉南,false,,City
25,Osaka / 大阪,2533,Shijonawate / 四條畷,false,,City
25,Osaka / 大阪,2534,Katano / 交野,false,,City
25,Osaka / 大阪,2535,Osakasayama / 大阪狭山,false,,City
25,Osaka / 大阪,2536,Hannan / 阪南,false,,City
26,Wakayama / 和歌山,26001,Arida / 有田,false,,Gun
26,Wakayama / 和歌山,26002,Ito / 伊都,false,,Gun
26,Wakayama / 和歌山,26003,Kaiso / 海草,false,,Gun
26,Wakayama / 和歌山,26004,Naga / 那賀,true,"Mar.31,2006",Gun
26,Wakayama / 和歌山,26005,Nishimuro / 西牟婁,false,,Gun
26,Wakayama / 和歌山,26006,Higashimuro / 東牟婁,false,,Gun
26,Wakayama / 和歌山,26007,Hidaka / 日高,false,,Gun
26,Wakayama / 和歌山,2601,Wakayama / 和歌山,false,,City
26,Wakayama / 和歌山,2602,Shingu / 新宮,false,,City
26,Wakayama / 和歌山,2603,Kainan / 海南,false,,City
26,Wakayama / 和歌山,2604,Tanabe / 田辺,false,,City
26,Wakayama / 和歌山,2605,Gobo / 御坊,false,,City
26,Wakayama / 和歌山,2606,Hashimoto / 橋本,false,,City
26,Wakayama / 和歌山,2607,Arida / 有田,false,,City
26,Wakayama / 和歌山,2608,Kinokawa / 紀の川,false,,City
26,Wakayama / 和歌山,2609,Iwade / 岩出,false,,City
27,Hyogo / 兵庫,27001,Akou / 赤穂,false,,Gun
27,Hyogo / 兵庫,27002,Asago / 朝来,true,"Mar.31,2005",Gun
27,Hyogo / 兵庫,27003,Arima / 有馬,true,"May.30,1958",Gun
27,Hyogo / 兵庫,27004,Izushi / 出石,true,"Mar.31,2005",Gun
27,Hyogo / 兵庫,27005,Ibo / 揖保,false,,Gun
27,Hyogo / 兵庫,27006,Innami / 印南,true,"Jan.31,1979",Gun
27,Hyogo / 兵庫,27007,Kako / 加古,false,,Gun
27,Hyogo / 兵庫,27008,Kasai / 加西,true,"Mar.31,1967",Gun
27,Hyogo / 兵庫,27009,Kato / 加東,true,"Mar.19,2006",Gun
27,Hyogo / 兵庫,2701,Kobe / 神戸,false,,City
27,Hyogo / 兵庫,27010,Kawabe / 川辺,false,,Gun
27,Hyogo / 兵庫,270101,Higashinada / 東灘,false,,Ku
27,Hyogo / 兵庫,270102,Nada / 灘,false,,Ku
27,Hyogo / 兵庫,270103,Hyogo / 兵庫,false,,Ku
27,Hyogo / 兵庫,270104,Nagata / 長田,false,,Ku
27,Hyogo / 兵庫,270105,Suma / 須磨,false,,Ku
27,Hyogo / 兵庫,270106,Tarumi / 垂水,false,,Ku
27,Hyogo / 兵庫,270107,Kita / 北,false,,Ku
27,Hyogo / 兵庫,270108,Chuo / 中央,false,,Ku
27,Hyogo / 兵庫,270109,Nishi / 西,false,,Ku
27,Hyogo / 兵庫,27011,Kanzaki / 神崎,false,,Gun
27,Hyogo / 兵庫,270110,Fukiai / 葺合,true,昭和55年11月30日以前,Ku
27,Hyogo / 兵庫,270111,Ikuta / 生田,true,昭和55年11月30日以前,Ku
27,Hyogo / 兵庫,27012,Kinosaki / 城崎,true,"Mar.31,2005",Gun
27,Hyogo / 兵庫,27013,Sayo / 佐用,false,,Gun
27,Hyogo / 兵庫,27014,Shikama / 飾磨,true,"Mar.26,2006",Gun
27,Hyogo / 兵庫,27015,Shiso / 宍粟,true,"Mar.26,2006",Gun
27,Hyogo / 兵庫,27016,Taka / 多可,false,,Gun
27,Hyogo / 兵庫,27017,Taki / 多紀,true,"Mar.31,1999",Gun
27,Hyogo / 兵庫,27018,Tsuna / 津名,true,"Feb.10,2006",Gun
27,Hyogo / 兵庫,27019,Hikami / 氷上,true,"Oct.31,2004",Gun
27,Hyogo / 兵庫,2702,Himeji / 姫路,false,,City
27,Hyogo / 兵庫,27020,Mikata / 美方,false,,Gun
27,Hyogo / 兵庫,27021,Mino / 美嚢,true,"Oct.23,2005",Gun
27,Hyogo / 兵庫,27022,Mihara / 三原,true,"Jan.10,2005",Gun
27,Hyogo / 兵庫,27023,Muko / 武庫,true,"Mar.31,1954",Gun
27,Hyogo / 兵庫,27024,Yabu / 養父,true,"Mar.31,2004",Gun
27,Hyogo / 兵庫,2703,Amagasaki / 尼崎,false,,City
27,Hyogo / 兵庫,2704,Akashi / 明石,false,,City
27,Hyogo / 兵庫,2705,Nishinomiya / 西宮,false,,City
27,Hyogo / 兵庫,2706,Sumoto / 洲本,false,,City
27,Hyogo / 兵庫,2707,Ashiya / 芦屋,false,,City
27,Hyogo / 兵庫,2708,Itami / 伊丹,false,,City
27,Hyogo / 兵庫,2709,Aioi / 相生,false,,City
27,Hyogo / 兵庫,2710,Toyooka / 豊岡,false,,City
27,Hyogo / 兵庫,2711,Kakogawa / 加古川,false,,City
27,Hyogo / 兵庫,2712,Tatsuno / 龍野,true,"Sep.30,2005",City
27,Hyogo / 兵庫,2713,Ako / 赤穂,false,,City
27,Hyogo / 兵庫,2714,Nishiwaki / 西脇,false,,City
27,Hyogo / 兵庫,2715,Takarazuka / 宝塚,false,,City
27,Hyogo / 兵庫,2716,Miki / 三木,false,,City
27,Hyogo / 兵庫,2717,Takasago / 高砂,false,,City
27,Hyogo / 兵庫,2718,Kawanishi / 川西,false,,City
27,Hyogo / 兵庫,2719,Ono / 小野,false,,City
27,Hyogo / 兵庫,2720,Sanda / 三田,false,,City
27,Hyogo / 兵庫,2721,Kasai / 加西,false,,City
27,Hyogo / 兵庫,2722,Sasayama / 篠山,true,"Apr.30,2019",City
27,Hyogo / 兵庫,2723,Yabu / 養父,false,,City
27,Hyogo / 兵庫,2724,Tanba / 丹波,false,,City
27,Hyogo / 兵庫,2725,Minamiawaji / 南あわじ,false,,City
27,Hyogo / 兵庫,2726,Asago / 朝来,false,,City
27,Hyogo / 兵庫,2727,Awaji / 淡路,false,,City
27,Hyogo / 兵庫,2728,Shiso / 宍粟,false,,City
27,Hyogo / 兵庫,2729,Kato / 加東,false,,City
27,Hyogo / 兵庫,2730,Tatsuno / たつの,false,,City
27,Hyogo / 兵庫,2731,Tanbasasayama / 丹波篠山,false,,City
28,Toyama / 富山,28001,Imizu / 射水,true,"Oct.31,2005",Gun
28,Toyama / 富山,28002,Kaminiikawa / 上新川,true,"Mar.31,2005",Gun
28,Toyama / 富山,28003,Shimoniikawa / 下新川,false,,Gun
28,Toyama / 富山,28004,Nakaniikawa / 中新川,false,,Gun
28,Toyama / 富山,28005,Nishitonami / 西砺波,true,"Oct.31,2005",Gun
28,Toyama / 富山,28006,Nei / 婦負,true,"Mar.31,2005",Gun
28,Toyama / 富山,28007,Himi / 氷見,true,"Mar.31,1954",Gun
28,Toyama / 富山,28008,Higashitonami / 東砺波,true,"Oct.31,2004",Gun
28,Toyama / 富山,2801,Toyama / 富山,false,,City
28,Toyama / 富山,2802,Takaoka / 高岡,false,,City
28,Toyama / 富山,2803,Shinminato / 新湊,true,"Oct.31,2005",City
28,Toyama / 富山,2804,Uozu / 魚津,false,,City
28,Toyama / 富山,2805,Himi / 氷見,false,,City
28,Toyama / 富山,2806,Namerikawa / 滑川,false,,City
28,Toyama / 富山,2807,Kurobe / 黒部,false,,City
28,Toyama / 富山,2808,Tonami / 砺波,false,,City
28,Toyama / 富山,2809,Oyabe / 小矢部,false,,City
28,Toyama / 富山,2810,Nanto / 南砺,false,,City
28,Toyama / 富山,2811,Imizu / 射水,false,,City
29,Fukui / 福井,29001,Asuwa / 足羽,true,"Jan.30,2006",Gun
29,Fukui / 福井,29002,Imadate / 今立,false,,Gun
29,Fukui / 福井,29003,Oi / 大飯,false,,Gun
29,Fukui / 福井,29004,Ono / 大野,true,"Nov.6,2005",Gun
29,Fukui / 福井,29005,Onyu / 遠敷,true,"Mar.2,2006",Gun
29,Fukui / 福井,29006,Sakai / 坂井,true,"Mar.19,2006",Gun
29,Fukui / 福井,29007,Tsuruga / 敦賀,true,"Jan.14,1955",Gun
29,Fukui / 福井,29008,Nanjo / 南条,false,,Gun
29,Fukui / 福井,29009,Nyuu / 丹生,false,,Gun
29,Fukui / 福井,2901,Fukui / 福井,false,,City
29,Fukui / 福井,29010,Mikata / 三方,false,,Gun
29,Fukui / 福井,29011,Yoshida / 吉田,false,,Gun
29,Fukui / 福井,29012,Mikatakaminaka / 三方上中,false,,Gun
29,Fukui / 福井,2902,Tsuruga / 敦賀,false,,City
29,Fukui / 福井,2903,Takefu / 武生,true,"Sep.30,2005",City
29,Fukui / 福井,2904,Obama / 小浜,false,,City
29,Fukui / 福井,2905,Ono / 大野,false,,City
29,Fukui / 福井,2906,Katsuyama / 勝山,false,,City
29,Fukui / 福井,2907,Sabae / 鯖江,false,,City
29,Fukui / 福井,2908,Awara / あわら,false,,City
29,Fukui / 福井,2909,Echizen / 越前,false,,City
29,Fukui / 福井,2910,Sakai / 坂井,false,,City
30,Ishikawa / 石川,30001,Ishikawa / 石川,true,"Nov.10,2011",Gun
30,Ishikawa / 石川,30002,Enuma / 江沼,true,"Sep.30,2005",Gun
30,Ishikawa / 石川,30003,Kashima / 鹿島,false,,Gun
30,Ishikawa / 石川,30004,Kahoku / 河北,false,,Gun
30,Ishikawa / 石川,30005,Suzu / 珠洲,true,"Feb.28,2005",Gun
30,Ishikawa / 石川,30006,Nomi / 能美,false,,Gun
30,Ishikawa / 石川,30007,Hakui / 羽咋,false,,Gun
30,Ishikawa / 石川,30008,Fugeshi / 鳳至,true,"Feb.28,2005",Gun
30,Ishikawa / 石川,30009,Housu / 鳳珠,false,,Gun
30,Ishikawa / 石川,3001,Kanazawa / 金沢,false,,City
30,Ishikawa / 石川,3002,Nanao / 七尾,false,,City
30,Ishikawa / 石川,3003,Komatsu / 小松,false,,City
30,Ishikawa / 石川,3004,Wajima / 輪島,false,,City
30,Ishikawa / 石川,3005,Suzu / 珠洲,false,,City
30,Ishikawa / 石川,3006,Kaga / 加賀,false,,City
30,Ishikawa / 石川,3007,Hakui / 羽咋,false,,City
30,Ishikawa / 石川,3008,Matsuto / 松任,true,"Jan.31,2005",City
30,Ishikawa / 石川,3009,Kahoku / かほく,false,,City
30,Ishikawa / 石川,3010,Hakusan / 白山,false,,City
30,Ishikawa / 石川,3011,Nomi / 能美,false,,City
30,Ishikawa / 石川,3012,Nonoichi / 野々市,false,,City
31,Okayama / 岡山,31001,Aida / 英田,false,,Gun
31,Okayama / 岡山,31002,Akaiwa / 赤磐,true,"Jan.21,2007",Gun
31,Okayama / 岡山,31003,Asakuchi / 浅口,false,,Gun
31,Okayama / 岡山,31004,Atetsu / 阿哲,true,"Mar.30,2005",Gun
31,Okayama / 岡山,31005,Oku / 邑久,true,"Oct.31,2004",Gun
31,Okayama / 岡山,31006,Oda / 小田,false,,Gun
31,Okayama / 岡山,31007,Katsuta / 勝田,false,,Gun
31,Okayama / 岡山,31008,Kawakami / 川上,true,"Sep.30,2004",Gun
31,Okayama / 岡山,31009,Kibi / 吉備,true,"Jul.31,2005",Gun
31,Okayama / 岡山,3101,Okayama / 岡山,false,,City
31,Okayama / 岡山,31010,Kume / 久米,false,,Gun
31,Okayama / 岡山,310101,Kita / 北,false,,Ku
31,Okayama / 岡山,310102,Naka / 中,false,,Ku
31,Okayama / 岡山,310103,Hinagashi / 東,false,,Ku
31,Okayama / 岡山,310104,Minami / 南,false,,Ku
31,Okayama / 岡山,31011,Kojima / 児島,true,"Mar.21,2005",Gun
31,Okayama / 岡山,31012,Shitsuki / 後月,true,"Feb.28,2005",Gun
31,Okayama / 岡山,31013,Jodo / 上道,true,"Apr.30,1971",Gun
31,Okayama / 岡山,31014,Jobo / 上房,true,"Mar.30,2005",Gun
31,Okayama / 岡山,31015,Tsukubo / 都窪,false,,Gun
31,Okayama / 岡山,31016,Tomata / 苫田,false,,Gun
31,Okayama / 岡山,31017,Maniwa / 真庭,false,,Gun
31,Okayama / 岡山,31018,Mitsu / 御津,true,"Jan.21,2007",Gun
31,Okayama / 岡山,31019,Wake / 和気,false,,Gun
31,Okayama / 岡山,3102,Kurashiki / 倉敷,false,,City
31,Okayama / 岡山,31020,Kaga / 加賀,false,,Gun
31,Okayama / 岡山,3103,Tsuyama / 津山,false,,City
31,Okayama / 岡山,3104,Tamano / 玉野,false,,City
31,Okayama / 岡山,3105,Kojima / 児島,true,"Jan.31,1967",City
31,Okayama / 岡山,3106,Tamashima / 玉島,true,"Jan.31,1967",City
31,Okayama / 岡山,3107,Kasaoka / 笠岡,false,,City
31,Okayama / 岡山,3108,saidaiji / 西大寺,true,"Feb.16,1969",City
31,Okayama / 岡山,3109,Ibara / 井原,false,,City
31,Okayama / 岡山,3110,Soja / 総社,false,,City
31,Okayama / 岡山,3111,Takahashi / 高梁,false,,City
31,Okayama / 岡山,3112,Niimi / 新見,false,,City
31,Okayama / 岡山,3113,Bizen / 備前,false,,City
31,Okayama / 岡山,3114,Setouchi / 瀬戸内,false,,City
31,Okayama / 岡山,3115,Akaiwa / 赤磐,false,,City
31,Okayama / 岡山,3116,Maniwa / 真庭,false,,City
31,Okayama / 岡山,3117,Mimasaka / 美作,false,,City
31,Okayama / 岡山,3118,Asakuchi / 浅口,false,,City
32,Shimane / 島根,32001,Ano / 安濃,true,"Mar.31,1954",Gun
32,Shimane / 島根,32002,Ama / 海士,true,"Mar.31,1969",Gun
32,Shimane / 島根,32003,Iishi / 飯石,false,,Gun
32,Shimane / 島根,32004,Ochi / 邑智,false,,Gun
32,Shimane / 島根,32005,Ohara / 大原,true,"Oct.31,2004",Gun
32,Shimane / 島根,32006,Oki / 隠岐,false,,Gun
32,Shimane / 島根,32007,Ochi / 隠地,true,"Mar.31,1969",Gun
32,Shimane / 島根,32008,Kanoashi / 鹿足,false,,Gun
32,Shimane / 島根,32009,Suki / 周吉,true,"Mar.31,1969",Gun
32,Shimane / 島根,3201,Matsue / 松江,false,,City
32,Shimane / 島根,32010,Chibu / 知夫,true,"Mar.31,1969",Gun
32,Shimane / 島根,32011,Naka / 那賀,true,"Sep.30,2005",Gun
32,Shimane / 島根,32012,Nita / 仁多,false,,Gun
32,Shimane / 島根,32013,Nima / 迩摩,true,"Sep.30,2005",Gun
32,Shimane / 島根,32014,Nogi / 能義,true,"Sep.30,2004",Gun
32,Shimane / 島根,32015,Hikawa / 簸川,true,"Sep.30,2011",Gun
32,Shimane / 島根,32016,Mino / 美濃,true,"Oct.31,2004",Gun
32,Shimane / 島根,32017,Yatsuka / 八束,true,"Jul.31,2011",Gun
32,Shimane / 島根,3202,Hamada / 浜田,false,,City
32,Shimane / 島根,3203,Izumo / 出雲,false,,City
32,Shimane / 島根,3204,Masuda / 益田,false,,City
32,Shimane / 島根,3205,Oda / 大田,false,,City
32,Shimane / 島根,3206,Yasugi / 安来,false,,City
32,Shimane / 島根,3207,Gotsu / 江津,false,,City
32,Shimane / 島根,3208,Hirata / 平田,true,"Mar.21,2005",City
32,Shimane / 島根,3209,Unnan / 雲南,false,,City
33,Yamaguchi / 山口,33001,Asa / 厚狭,true,"Mar.21,2005",Gun
33,Yamaguchi / 山口,33002,Abu / 阿武,false,,Gun
33,Yamaguchi / 山口,33003,Oshima / 大島,false,,Gun
33,Yamaguchi / 山口,33004,Otsu / 大津,true,"Mar.21,2005",Gun
33,Yamaguchi / 山口,33005,Kuga / 玖珂,false,,Gun
33,Yamaguchi / 山口,33006,Kumage / 熊毛,false,,Gun
33,Yamaguchi / 山口,33007,Saba / 佐波,true,"Sep.30,2005",Gun
33,Yamaguchi / 山口,33008,Tsuno / 都濃,true,"Apr.20,2003",Gun
33,Yamaguchi / 山口,33009,Toyoura / 豊浦,true,"Feb.12,2005",Gun
33,Yamaguchi / 山口,3301,Yamaguchi / 山口,false,,City
33,Yamaguchi / 山口,33010,Mine / 美祢,true,"Mar.20,2008",Gun
33,Yamaguchi / 山口,33011,Yoshiki / 吉敷,true,"Sep.30,2005",Gun
33,Yamaguchi / 山口,3302,Shimonoseki / 下関,false,,City
33,Yamaguchi / 山口,3303,Ube / 宇部,false,,City
33,Yamaguchi / 山口,3304,Hagi / 萩,false,,City
33,Yamaguchi / 山口,3305,Tokuyama / 徳山,true,"Apr.20,2003",City
33,Yamaguchi / 山口,3306,Hofu / 防府,false,,City
33,Yamaguchi / 山口,3307,Kudamatsu / 下松,false,,City
33,Yamaguchi / 山口,3308,Iwakuni / 岩国,false,,City
33,Yamaguchi / 山口,3309,Onoda / 小野田,true,"Mar.21,2005,City
33,Yamaguchi / 山口,3310,Hikari / 光,false,,City
33,Yamaguchi / 山口,3311,Nagato / 長門,false,,City
33,Yamaguchi / 山口,3312,Yanai / 柳井,false,,City
33,Yamaguchi / 山口,3313,Mine / 美祢,false,,City
33,Yamaguchi / 山口,3314,Shinnan'yo / 新南陽,true,"Apr.20,2003",City
33,Yamaguchi / 山口,3315,Shunan / 周南,false,,City
33,Yamaguchi / 山口,3316,San'yoonoda / 山陽小野田,false,,City
34,Tottori / 鳥取,34001,Iwami / 岩美,false,,Gun
34,Tottori / 鳥取,34002,Ketaka / 気高,true,"Oct.31,2004",Gun
34,Tottori / 鳥取,34003,Saihaku / 西伯,false,,Gun
34,Tottori / 鳥取,34004,Tohaku / 東伯,false,,Gun
34,Tottori / 鳥取,34005,Hino / 日野,false,,Gun
34,Tottori / 鳥取,34006,Yazu / 八頭,false,,Gun
34,Tottori / 鳥取,3401,Tottori / 鳥取,false,,City
34,Tottori / 鳥取,3402,Kurayoshi / 倉吉,false,,City
34,Tottori / 鳥取,3403,Yonago / 米子,false,,City
34,Tottori / 鳥取,3404,Sakaiminato / 境港,false,,City
35,Hiroshima / 広島,35001,Aki / 安芸,false,,Gun
35,Hiroshima / 広島,35002,Asa / 安佐,true,"Mar.19,1973",Gun
35,Hiroshima / 広島,35004,Kamo / 賀茂,true,"Mar.21,2005",Gun
35,Hiroshima / 広島,35005,Konu / 甲奴,true,"Mar.30,2005",Gun
35,Hiroshima / 広島,35006,Saeki / 佐伯,true,"Nov.2,2005",Gun
35,Hiroshima / 広島,35007,Jinseki / 神石,false,,Gun
35,Hiroshima / 広島,35008,Sera / 世羅,false,,Gun
35,Hiroshima / 広島,35009,Takata / 高田,true,"Feb.29,2004",Gun
35,Hiroshima / 広島,3501,Hiroshima / 広島,false,,City
35,Hiroshima / 広島,35010,Toyota / 豊田,false,,Gun
35,Hiroshima / 広島,350101,Naka / 中,false,,Ku
35,Hiroshima / 広島,350102,Higashi / 東,false,,Ku
35,Hiroshima / 広島,350103,Minami / 南,false,,Ku
35,Hiroshima / 広島,350104,Nishi / 西,false,,Ku
35,Hiroshima / 広島,350105,Asaminami / 安佐南,false,,Ku
35,Hiroshima / 広島,350106,Asakita / 安佐北,false,,Ku
35,Hiroshima / 広島,350107,Aki / 安芸,false,,Ku
35,Hiroshima / 広島,350108,Saeki / 佐伯,false,,Ku
35,Hiroshima / 広島,35011,Numakuma / 沼隈,true,"Jan.31,2005",Gun
35,Hiroshima / 広島,35012,Hiba / 比婆,true,"Mar.30,2005",Gun
35,Hiroshima / 広島,35013,Fukayasu / 深安,true,"Feb.28,2006",Gun
35,Hiroshima / 広島,35014,Futami / 双三,true,"Mar.31,2004",Gun
35,Hiroshima / 広島,35015,Mitsugi / 御調,true,"Mar.27,2005",Gun
35,Hiroshima / 広島,35016,Yamagata / 山県,false,,Gun
35,Hiroshima / 広島,3502,Kure / 呉,false,,City
35,Hiroshima / 広島,3503,Takehara / 竹原,false,,City
35,Hiroshima / 広島,3504,Mihara / 三原,false,,City
35,Hiroshima / 広島,3505,Onomichi / 尾道,false,,City
35,Hiroshima / 広島,3506,Innoshima / 因島,true,"Jan,9,2006",City
35,Hiroshima / 広島,3507,Matsunaga / 松永,true,"Apr.30,1966",City
35,Hiroshima / 広島,3508,Fukuyama / 福山,false,,City
35,Hiroshima / 広島,3509,Fuchu / 府中,false,,City
35,Hiroshima / 広島,3510,Miyoshi / 三次,false,,City
35,Hiroshima / 広島,3511,Syoubara / 庄原,false,,City
35,Hiroshima / 広島,3512,Otake / 大竹,false,,City
35,Hiroshima / 広島,3513,Higashihiroshima / 東広島,false,,City
35,Hiroshima / 広島,3514,Hatsukaichi / 廿日市,false,,City
35,Hiroshima / 広島,3515,Akitakata / 安芸高田,false,,City
35,Hiroshima / 広島,3516,Etajima / 江田島,false,,City
36,Kagawa / 香川,36001,Ayauta / 綾歌,false,,Gun
36,Kagawa / 香川,36002,Okawa / 大川,true,"Mar.31,2003",Gun
36,Kagawa / 香川,36003,Kagawa / 香川,false,,Gun
36,Kagawa / 香川,36004,Kita / 木田,false,,Gun
36,Kagawa / 香川,36005,Syozu / 小豆,false,,Gun
36,Kagawa / 香川,36006,Nakatado / 仲多度,false,,Gun
36,Kagawa / 香川,36007,Mitoyo / 三豊,true,"Dec.31,2005,Gun
36,Kagawa / 香川,3601,Takamatsu / 高松,false,,City
36,Kagawa / 香川,3602,Marugame / 丸亀,false,,City
36,Kagawa / 香川,3603,Sakaide / 坂出,false,,City
36,Kagawa / 香川,3604,Zentsuji / 善通寺,false,,City
36,Kagawa / 香川,3605,Kan'onji / 観音寺,false,,City
36,Kagawa / 香川,3606,Sanuki / さぬき,false,,City
36,Kagawa / 香川,3607,Higashikagawa / 東かがわ,false,,City
36,Kagawa / 香川,3608,Mitoyo / 三豊,false,,City
37,Tokushima / 徳島,37001,Awa / 阿波,true,"Mar.31,2005",Gun
37,Tokushima / 徳島,37002,Itano / 板野,false,,Gun
37,Tokushima / 徳島,37003,Oe / 麻植,true,"Sep.30,2004",Gun
37,Tokushima / 徳島,37004,Kaifu / 海部,false,,Gun
37,Tokushima / 徳島,37005,Katsuura / 勝浦,false,,Gun
37,Tokushima / 徳島,37006,Naka / 那賀,false,,Gun
37,Tokushima / 徳島,37007,Myozai / 名西,false,,Gun
37,Tokushima / 徳島,37008,Myodo / 名東,false,,Gun
37,Tokushima / 徳島,37009,Mima / 美馬,false,,Gun
37,Tokushima / 徳島,3701,Tokushima / 徳島,false,,City
37,Tokushima / 徳島,37010,Miyoshi / 三好,false,,Gun
37,Tokushima / 徳島,3702,Naruto / 鳴門,false,,City
37,Tokushima / 徳島,3703,Komatsushima / 小松島,false,,City
37,Tokushima / 徳島,3704,Anan / 阿南,false,,City
37,Tokushima / 徳島,3705,Yoshinogawa / 吉野川,false,,City
37,Tokushima / 徳島,3706,Awa / 阿波,false,,City
37,Tokushima / 徳島,3707,Mima / 美馬,false,,City
37,Tokushima / 徳島,3708,Miyoshi / 三好,false,,City
38,Ehime / 愛媛,38001,Iyo / 伊予,false,,Gun
38,Ehime / 愛媛,38002,Uma / 宇摩,true,"Mar.31,2004",Gun
38,Ehime / 愛媛,38003,Ochi / 越智,false,,Gun
38,Ehime / 愛媛,38004,Onsen / 温泉,true,"Dec.31,2004",Gun
38,Ehime / 愛媛,38005,Kamiukena / 上浮穴,false,,Gun
38,Ehime / 愛媛,38006,Kita / 喜多,false,,Gun
38,Ehime / 愛媛,38007,Kitauwa / 北宇和,false,,Gun
38,Ehime / 愛媛,38008,Shuso / 周桑,true,"Oct.31,2004",Gun
38,Ehime / 愛媛,38009,Nii / 新居,true,"Mar.31,1959",Gun
38,Ehime / 愛媛,3801,Matsuyama / 松山,false,,City
38,Ehime / 愛媛,38010,Nishiuwa / 西宇和,false,,Gun
38,Ehime / 愛媛,38011,Higashiuwa / 東宇和,true,"Mar.31,2004",Gun
38,Ehime / 愛媛,38012,Minamiuwa / 南宇和,false,,Gun
38,Ehime / 愛媛,3802,Imabari / 今治,false,,City
38,Ehime / 愛媛,3803,Uwajima / 宇和島,false,,City
38,Ehime / 愛媛,3804,Yawatahama / 八幡浜,false,,City
38,Ehime / 愛媛,3805,Niihama / 新居浜,false,,City
38,Ehime / 愛媛,3806,Saijo / 西条,false,,City
38,Ehime / 愛媛,3807,Ozu / 大洲,false,,City
38,Ehime / 愛媛,3808,Iyomishima / 伊予三島,true,"Mar.31,2004",City
38,Ehime / 愛媛,3809,Kawanoe / 川之江,true,"Mar.31,2004",City
38,Ehime / 愛媛,3810,Iyo / 伊予,false,,City
38,Ehime / 愛媛,3811,Hojo / 北条,true,"Dec.31,2004",City
38,Ehime / 愛媛,3812,Toyo / 東予,true,"Oct.31,2004",City
38,Ehime / 愛媛,3813,Shikokuchuo / 四国中央,false,,City
38,Ehime / 愛媛,3814,Seiyo / 西予,false,,City
38,Ehime / 愛媛,3815,Toon / 東温,false,,City
39,Kochi / 高知,39001,Agawa / 吾川,false,,Gun
39,Kochi / 高知,39002,Aki / 安芸,false,,Gun
39,Kochi / 高知,39003,Kami / 香美,true,"Feb.28,2006",Gun
39,Kochi / 高知,39004,Takaoka / 高岡,false,,Gun
39,Kochi / 高知,39005,Tosa / 土佐,false,,Gun
39,Kochi / 高知,39006,Nagaoka / 長岡,false,,Gun
39,Kochi / 高知,39007,Hata / 幡多,false,,Gun
39,Kochi / 高知,3901,Kochi / 高知,false,,City
39,Kochi / 高知,3902,Muroto / 室戸,false,,City
39,Kochi / 高知,3903,Aki / 安芸,false,,City
39,Kochi / 高知,3904,Tosa / 土佐,false,,City
39,Kochi / 高知,3905,Susaki / 須崎,false,,City
39,Kochi / 高知,3906,Nakamura / 中村,true,"Apr.9,2005",City
39,Kochi / 高知,3907,Sukumo / 宿毛,false,,City
39,Kochi / 高知,3908,Tosashimizu / 土佐清水,false,,City
39,Kochi / 高知,3909,Nankoku / 南国,false,,City
39,Kochi / 高知,3910,Shimanto / 四万十,false,,City
39,Kochi / 高知,3911,Konan / 香南,false,,City
39,Kochi / 高知,3912,Kami / 香美,false,,City
40,Fukuoka / 福岡,40001,Asakura / 朝倉,false,,Gun
40,Fukuoka / 福岡,40002,Itoshima / 糸島,true,"Dec.31,2009",Gun
40,Fukuoka / 福岡,40003,Ukiha / 浮羽,true,"Mar.19,2005",Gun
40,Fukuoka / 福岡,40004,Onga / 遠賀,false,,Gun
40,Fukuoka / 福岡,40005,Kasuya / 糟屋,false,,Gun
40,Fukuoka / 福岡,40006,Kaho / 嘉穂,false,,Gun
40,Fukuoka / 福岡,40007,Kurate / 鞍手,false,,Gun
40,Fukuoka / 福岡,40008,Sawara / 早良,true,"Feb.28,1975",Gun
40,Fukuoka / 福岡,40009,Tagawa / 田川,false,,Gun
40,Fukuoka / 福岡,4001,Fukuoka / 福岡,false,,City
40,Fukuoka / 福岡,40010,Chikushi / 筑紫,true,"Sep.30,2018",Gun
40,Fukuoka / 福岡,400101,Higashi / 東,false,,Ku
40,Fukuoka / 福岡,400102,Hakata / 博多,false,,Ku
40,Fukuoka / 福岡,400103,Chuo / 中央,false,,Ku
40,Fukuoka / 福岡,400104,Minami / 南,false,,Ku
40,Fukuoka / 福岡,400105,Nishi / 西,false,,Ku
40,Fukuoka / 福岡,400106,Jonan / 城南,false,,Ku
40,Fukuoka / 福岡,400107,Sawara / 早良,false,,Ku
40,Fukuoka / 福岡,40011,Chikujo / 築上,false,,Gun
40,Fukuoka / 福岡,40012,Mii / 三井,false,,Gun
40,Fukuoka / 福岡,40013,Miike / 三池,true,"Jan.28,2007",Gun
40,Fukuoka / 福岡,40014,Mizuma / 三潴,false,,Gun
40,Fukuoka / 福岡,40015,Miyako / 京都,false,,Gun
40,Fukuoka / 福岡,40016,Munakata / 宗像,true,"Mar.27,2005",Gun
40,Fukuoka / 福岡,40017,Yamato / 山門,true,"Jan.28,2007",Gun
40,Fukuoka / 福岡,40018,Yame / 八女,false,,Gun
40,Fukuoka / 福岡,4002,Kokura / 小倉,true,"Feb.9,1963",City
40,Fukuoka / 福岡,4003,Moji / 門司,true,"Feb.9,1963",City
40,Fukuoka / 福岡,4004,Yahata / 八幡,true,"Feb.9,1963",City
40,Fukuoka / 福岡,4005,Tobata / 戸畑,true,"Feb.9,1963",City
40,Fukuoka / 福岡,4006,Wakamatsu / 若松,true,"Feb.9,1963",City
40,Fukuoka / 福岡,4007,Kurume / 久留米,false,,City
40,Fukuoka / 福岡,4008,Omuta / 大牟田,false,,City
40,Fukuoka / 福岡,4009,Noogata / 直方,false,,City
40,Fukuoka / 福岡,4010,Iizuka / 飯塚,false,,City
40,Fukuoka / 福岡,4011,Tagawa / 田川,false,,City
40,Fukuoka / 福岡,4012,Yanagawa / 柳川,false,,City
40,Fukuoka / 福岡,4013,Amagi / 甘木,true,"Mar.19,2006",City
40,Fukuoka / 福岡,4014,Yamada / 山田,true,"Mar.26,2006",City
40,Fukuoka / 福岡,4015,Yame / 八女,false,,City
40,Fukuoka / 福岡,4016,Chikugo / 筑後,false,,City
40,Fukuoka / 福岡,4017,Okawa / 大川,false,,City
40,Fukuoka / 福岡,4018,Yukuhashi / 行橋,false,,City
40,Fukuoka / 福岡,4019,Buzen / 豊前,false,,City
40,Fukuoka / 福岡,4020,Nakama / 中間,false,,City
40,Fukuoka / 福岡,4021,Kitakyushu / 北九州,false,,City
40,Fukuoka / 福岡,402101,Moji / 門司,false,,Ku
40,Fukuoka / 福岡,402102,Wakamatsu / 若松,false,,Ku
40,Fukuoka / 福岡,402103,Tobata / 戸畑,false,,Ku
40,Fukuoka / 福岡,402104,Kokurakita / 小倉北,false,,Ku
40,Fukuoka / 福岡,402105,Kokuraminami / 小倉南,false,,Ku
40,Fukuoka / 福岡,402106,Yahatahigashi / 八幡東,false,,Ku
40,Fukuoka / 福岡,402107,Yahatanishi / 八幡西,false,,Ku
40,Fukuoka / 福岡,402108,Yahata / 八幡,true,昭和49年3月31日以前,Ku
40,Fukuoka / 福岡,402109,Kokura / 小倉,true,昭和49年3月31日以前,Ku
40,Fukuoka / 福岡,4022,Ogoori / 小郡,false,,City
40,Fukuoka / 福岡,4023,Kasuga / 春日,false,,City
40,Fukuoka / 福岡,4024,Chikushino / 筑紫野,false,,City
40,Fukuoka / 福岡,4025,Onojo / 大野城,false,,City
40,Fukuoka / 福岡,4026,Munakata / 宗像,false,,City
40,Fukuoka / 福岡,4027,Dazaifu / 太宰府,false,,City
40,Fukuoka / 福岡,4028,Maebaru / 前原,true,"Dec.31,2009",City
40,Fukuoka / 福岡,4029,Koga / 古賀,false,,City
40,Fukuoka / 福岡,4030,Fukutsu / 福津,false,,City
40,Fukuoka / 福岡,4031,Ukiha / うきは,false,,City
40,Fukuoka / 福岡,4032,Miyawaka / 宮若,false,,City
40,Fukuoka / 福岡,4033,Kama / 嘉麻,false,,City
40,Fukuoka / 福岡,4034,Asakura / 朝倉,false,,City
40,Fukuoka / 福岡,4035,Miyama / みやま,false,,City
40,Fukuoka / 福岡,4036,Itoshima / 糸島,false,,City
40,Fukuoka / 福岡,4037,nakagawa / 那珂川,false,,City
41,Saga / 佐賀,41001,Ogi / 小城,true,"Feb.28,2005",Gun
41,Saga / 佐賀,41002,Kanzaki / 神埼,false,,Gun
41,Saga / 佐賀,41003,Kishima / 杵島,false,,Gun
41,Saga / 佐賀,41004,Saga / 佐賀,true,"Sept.30,2007",Gun
41,Saga / 佐賀,41005,Nishimatsuura / 西松浦,false,,Gun
41,Saga / 佐賀,41006,Higashimatsuura / 東松浦,false,,Gun
41,Saga / 佐賀,41007,Fujitsu / 藤津,false,,Gun
41,Saga / 佐賀,41008,Miyaki / 三養基,false,,Gun
41,Saga / 佐賀,4101,Saga / 佐賀,false,,City
41,Saga / 佐賀,4102,Karatsu / 唐津,false,,City
41,Saga / 佐賀,4103,Tosu / 鳥栖,false,,City
41,Saga / 佐賀,4104,Taku / 多久,false,,City
41,Saga / 佐賀,4105,Imari / 伊万里,false,,City
41,Saga / 佐賀,4106,Takeo / 武雄,false,,City
41,Saga / 佐賀,4107,Kashima / 鹿島,false,,City
41,Saga / 佐賀,4108,Ogi / 小城,false,,City
41,Saga / 佐賀,4109,Ureshino / 嬉野,false,,City
41,Saga / 佐賀,4110,Kanzaki / 神埼,false,,City
42,Nagasaki / 長崎,42001,Iki / 壱岐,true,"Feb.29,2004",Gun
42,Nagasaki / 長崎,42002,Kamiagata / 上県,true,"Feb.29,2004",Gun
42,Nagasaki / 長崎,42003,Kitatakaki / 北高来,true,"Feb.28,2005",Gun
42,Nagasaki / 長崎,42004,Kitamatsuura / 北松浦,false,,Gun
42,Nagasaki / 長崎,42005,Shimoagata / 下県,true,"Feb.29,2004",Gun
42,Nagasaki / 長崎,42006,Nishisonogi / 西彼杵,false,,Gun
42,Nagasaki / 長崎,42007,Higashisonogi / 東彼杵,false,,Gun
42,Nagasaki / 長崎,42008,Minamitakaki / 南高来,true,"Mar.30,2006",Gun
42,Nagasaki / 長崎,42009,Minamimatsuura / 南松浦,false,,Gun
42,Nagasaki / 長崎,4201,Nagasaki / 長崎,false,,City
42,Nagasaki / 長崎,4202,Sasebo / 佐世保,false,,City
42,Nagasaki / 長崎,4203,Shimabara / 島原,false,,City
42,Nagasaki / 長崎,4204,Isahaya / 諫早,false,,City
42,Nagasaki / 長崎,4205,Omura / 大村,false,,City
42,Nagasaki / 長崎,4206,Fukue / 福江,true,"Jul.31,2004",City
42,Nagasaki / 長崎,4207,Hirado / 平戸,false,,City
42,Nagasaki / 長崎,4208,Matsuura / 松浦,false,,City
42,Nagasaki / 長崎,4209,Tsushima / 対馬,false,,City
42,Nagasaki / 長崎,4210,Iki / 壱岐,false,,City
42,Nagasaki / 長崎,4211,Goto / 五島,false,,City
42,Nagasaki / 長崎,4212,Saikai / 西海,false,,City
42,Nagasaki / 長崎,4213,Unzen / 雲仙,false,,City
42,Nagasaki / 長崎,4214,Minamishimabara / 南島原,false,,City
43,Kumamoto / 熊本,43001,Ashikita / 葦北,false,,Gun
43,Kumamoto / 熊本,43002,Aso / 阿蘇,false,,Gun
43,Kumamoto / 熊本,43003,Amakusa / 天草,false,,Gun
43,Kumamoto / 熊本,43004,Uto / 宇土,true,"Jan.14,2005",Gun
43,Kumamoto / 熊本,43005,Kamimashiki / 上益城,false,,Gun
43,Kumamoto / 熊本,43006,Kamoto / 鹿本,true,"Mar.22,2010",Gun
43,Kumamoto / 熊本,43007,Kikuchi / 菊池,false,,Gun
43,Kumamoto / 熊本,43008,Kuma / 球磨,false,,Gun
43,Kumamoto / 熊本,43009,Shimomashiki / 下益城,false,,Gun
43,Kumamoto / 熊本,4301,Kumamoto / 熊本,false,,City
43,Kumamoto / 熊本,43010,Tamana / 玉名,false,,Gun
43,Kumamoto / 熊本,430101,Chuo / 中央,false,,Ku
43,Kumamoto / 熊本,430102,Higashi / 東,false,,Ku
43,Kumamoto / 熊本,430103,Nishi / 西,false,,Ku
43,Kumamoto / 熊本,430105,Kita / 北,false,,Ku
43,Kumamoto / 熊本,43011,Hotaku / 飽託,true,"Jan.31,1991",Gun
43,Kumamoto / 熊本,43012,Yatsushiro / 八代,false,,Gun
43,Kumamoto / 熊本,4302,Yatsushiro / 八代,false,,City
43,Kumamoto / 熊本,4303,Hitoyoshi / 人吉,false,,City
43,Kumamoto / 熊本,4304,Arao / 荒尾,false,,City
43,Kumamoto / 熊本,4305,Minamata / 水俣,false,,City
43,Kumamoto / 熊本,4306,Tamana / 玉名,false,,City
43,Kumamoto / 熊本,4307,Hondo / 本渡,true,"Mar.26,2006",City
43,Kumamoto / 熊本,4308,Yamaga / 山鹿,false,,City
43,Kumamoto / 熊本,4309,Ushibuka / 牛深,true,"Mar.26,2006",City
43,Kumamoto / 熊本,4310,Kikuchi / 菊池,false,,City
43,Kumamoto / 熊本,4311,Uto / 宇土,false,,City
43,Kumamoto / 熊本,4312,Kamiamakusa / 上天草,false,,City
43,Kumamoto / 熊本,4313,Uki / 宇城,false,,City
43,Kumamoto / 熊本,4314,Aso / 阿蘇,false,,City
43,Kumamoto / 熊本,4315,Amakusa / 天草,false,,City
43,Kumamoto / 熊本,4316,Koshi / 合志,false,,City
44,Oita / 大分,44001,Usa / 宇佐,true,"Mar.30,2005",Gun
44,Oita / 大分,44002,Oita / 大分,true,"Sep.30,2005",Gun
44,Oita / 大分,44003,Ono / 大野,true,"Mar.30,2005",Gun
44,Oita / 大分,44004,Kitaamabe / 北海部,true,"Dec.31,2004",Gun
44,Oita / 大分,44005,kusu / 玖珠,false,,Gun
44,Oita / 大分,44006,Shimoge / 下毛,true,"Feb.28,2005",Gun
44,Oita / 大分,44007,Naoiri / 直入,true,"Mar.31,2005",Gun
44,Oita / 大分,44008,Nishikunisaki / 西国東,true,"Sep.30,2005",Gun
44,Oita / 大分,44009,Hayami / 速見,false,,Gun
44,Oita / 大分,4401,Oita / 大分,false,,City
44,Oita / 大分,44010,Higashikunisaki / 東国東,false,,Gun
44,Oita / 大分,44011,Hita / 日田,true,"Mar.21,2005",Gun
44,Oita / 大分,4402,Beppu / 別府,false,,City
44,Oita / 大分,4403,Nakatsu / 中津,false,,City
44,Oita / 大分,4404,Hita / 日田,false,,City
44,Oita / 大分,4405,Saiki / 佐伯,false,,City
44,Oita / 大分,4406,Usuki / 臼杵,false,,City
44,Oita / 大分,4407,Tsukumi / 津久見,false,,City
44,Oita / 大分,4408,Taketa / 竹田,false,,City
44,Oita / 大分,4409,Tsurusaki / 鶴崎,true,"Mar.9,1963",City
44,Oita / 大分,4410,Bungotakada / 豊後高田,false,,City
44,Oita / 大分,4411,Kitsuki / 杵築,false,,City
44,Oita / 大分,4412,Usa / 宇佐,false,,City
44,Oita / 大分,4413,Bungoono / 豊後大野,false,,City
44,Oita / 大分,4414,Yufu / 由布,false,,City
44,Oita / 大分,4415,Kunisaki / 国東,false,,City
45,Miyazaki / 宮崎,45001,Kitamorokata / 北諸県,false,,Gun
45,Miyazaki / 宮崎,45002,Koyu / 児湯,false,,Gun
45,Miyazaki / 宮崎,45003,Nishiusuki / 西臼杵,false,,Gun
45,Miyazaki / 宮崎,45004,Nishimorokata / 西諸県,false,,Gun
45,Miyazaki / 宮崎,45005,Higashiusuki / 東臼杵,false,,Gun
45,Miyazaki / 宮崎,45006,Higashimorokata / 東諸県,false,,Gun
45,Miyazaki / 宮崎,45007,Minaminaka / 南那珂,true,"Mar.29,2009",Gun
45,Miyazaki / 宮崎,45008,Miyazaki / 宮崎,true,"Mar.22,2010",Gun
45,Miyazaki / 宮崎,4501,Miyazaki / 宮崎,false,,City
45,Miyazaki / 宮崎,4502,Miyakonojo / 都城,false,,City
45,Miyazaki / 宮崎,4503,Nobeoka / 延岡,false,,City
45,Miyazaki / 宮崎,4504,Nichinan / 日南,false,,City
45,Miyazaki / 宮崎,4505,Kobayashi / 小林,false,,City
45,Miyazaki / 宮崎,4506,Hyuga / 日向,false,,City
45,Miyazaki / 宮崎,4507,Kushima / 串間,false,,City
45,Miyazaki / 宮崎,4508,Saito / 西都,false,,City
45,Miyazaki / 宮崎,4509,Ebino / えびの,false,,City
46,Kagoshima / 鹿児島,46001,Aira / 姶良,false,,Gun
46,Kagoshima / 鹿児島,46002,Isa / 伊佐,true,"Oct.31,2008",Gun
46,Kagoshima / 鹿児島,46003,Izumi / 出水,false,,Gun
46,Kagoshima / 鹿児島,46004,Ibusuki / 揖宿,true,"Nov.30,2007",Gun
46,Kagoshima / 鹿児島,46005,Oshima / 大島,false,,Gun
46,Kagoshima / 鹿児島,46006,Kagoshima / 鹿児島,false,,Gun
46,Kagoshima / 鹿児島,46007,Kawanabe / 川辺,true,"Nov.30,2007",Gun
46,Kagoshima / 鹿児島,46008,Kimotsuki / 肝属,false,,Gun
46,Kagoshima / 鹿児島,46009,Kumage / 熊毛,false,,Gun
46,Kagoshima / 鹿児島,4601,Kagoshima / 鹿児島,false,,City
46,Kagoshima / 鹿児島,46010,Satsuma / 薩摩,false,,Gun
46,Kagoshima / 鹿児島,46011,Soo / 曽於,false,,Gun
46,Kagoshima / 鹿児島,46012,Hioki / 日置,true,"Nov.6,2005",Gun
46,Kagoshima / 鹿児島,4602,Sendai / 川内,true,"Oct.11,2004",City
46,Kagoshima / 鹿児島,4603,Kanoya / 鹿屋,false,,City
46,Kagoshima / 鹿児島,4604,Makurazaki / 枕崎,false,,City
46,Kagoshima / 鹿児島,4605,Kushikino / 串木野,true,"Oct.10,2005",City
46,Kagoshima / 鹿児島,4606,Akune / 阿久根,false,,City
46,Kagoshima / 鹿児島,4607,Izumi / 出水,false,,City
46,Kagoshima / 鹿児島,4608,Naze / 名瀬,true,"Mar.19,2006",City
46,Kagoshima / 鹿児島,4609,Okuchi / 大口,true,"Oct.31,2008",City
46,Kagoshima / 鹿児島,4610,Ibusuki / 指宿,false,,City
46,Kagoshima / 鹿児島,4611,Kaseda / 加世田,true,"Nov.6,2005",City
46,Kagoshima / 鹿児島,4612,Kokubu / 国分,true,"Nov.6,2005",City
46,Kagoshima / 鹿児島,4613,Taniyama / 谷山,true,"Apr.28,1967",City
46,Kagoshima / 鹿児島,4614,Nishinoomote / 西之表,false,,City
46,Kagoshima / 鹿児島,4615,Tarumizu / 垂水,false,,City
46,Kagoshima / 鹿児島,4616,Satsumasendai / 薩摩川内,false,,City
46,Kagoshima / 鹿児島,4617,Hioki / 日置,false,,City
46,Kagoshima / 鹿児島,4618,Soo / 曽於,false,,City
46,Kagoshima / 鹿児島,4619,Kirishima / 霧島,false,,City
46,Kagoshima / 鹿児島,4620,Ichikikushikino / いちき串木野,false,,City
46,Kagoshima / 鹿児島,4621,Minamisatsuma / 南さつま,false,,City
46,Kagoshima / 鹿児島,4622,Shibushi / 志布志,false,,City
46,Kagoshima / 鹿児島,4623,Amami / 奄美,false,,City
46,Kagoshima / 鹿児島,4624,Minamikyushu / 南九州,false,,City
46,Kagoshima / 鹿児島,4625,Isa / 伊佐,false,,City
46,Kagoshima / 鹿児島,4626,Aira / 姶良,false,,City
47,Okinawa / 沖縄,47001,Kunigami / 国頭,false,,Gun
47,Okinawa / 沖縄,47002,Shimajiri / 島尻,false,,Gun
47,Okinawa / 沖縄,47003,Nakagami / 中頭,false,,Gun
47,Okinawa / 沖縄,47004,Miyako / 宮古,false,,Gun
47,Okinawa / 沖縄,47005,Yaeyama / 八重山,false,,Gun
47,Okinawa / 沖縄,4701,Naha / 那覇,false,,City
47,Okinawa / 沖縄,4702,Ishikawa / 石川,true,"Mar.31,2005",City
47,Okinawa / 沖縄,4703,Hirara / 平良,true,"Sep.30,2005",City
47,Okinawa / 沖縄,4704,Ishigaki / 石垣,false,,City
47,Okinawa / 沖縄,4705,Koza / コザ,true,"Mar.31.1974",City
47,Okinawa / 沖縄,4706,Ginowan / 宜野湾,false,,City
47,Okinawa / 沖縄,4707,Gushikawa / 具志川,true,"Mar.31,2005",City
47,Okinawa / 沖縄,4708,Nago / 名護,false,,City
47,Okinawa / 沖縄,4709,Urasoe / 浦添,false,,City
47,Okinawa / 沖縄,4710,Itoman / 糸満,false,,City
47,Okinawa / 沖縄,4711,Okinawa / 沖縄,false,,City
47,Okinawa / 沖縄,4712,Tomigusuku / 豊見城,false,,City
47,Okinawa / 沖縄,4713,Uruma / うるま,false,,City
47,Okinawa / 沖縄,4714,Miyakojima / 宮古島,false,,City
47,Okinawa / 沖縄,4715,Nanjo / 南城,false,,City
